signal_lo_pct,signal_hi_pct,entry_day,early_stop_days,stop_pct,sma_n,cost_bps,symbols,trades,win_rate_pct,avg_return_pct,avg_win_pct,avg_loss_pct,payoff_ratio,profit_factor,total_pnl_independent,profitable_symbols,avg_days_held,max_trade_win_pct,max_trade_loss_pct,median_individual_max_drawdown_pct,q25_individual_max_drawdown_pct,passes_15pct_drawdown_proxy
5.0,6.5,t3,"t4,t5",9.0,3,5.0,103,2641,36.91783415372965,1.1080465732677014,13.542213333333333,-6.168851740696278,2.19525673538149,1.4548655759762577,571607.3699999996,44,3.523286633850814,283.233,-31.767,-36.32,-50.040000000000006,False
7.000000000000001,8.5,t1,"t2,t3",7.000000000000001,8,5.0,103,1814,25.744211686879826,1.4511951488423382,22.54419271948609,-5.861670378619152,3.846035560395479,1.4309526935553412,363194.59,41,4.529217199558985,395.83,-53.109,-36.29,-46.32,False
5.0,6.5,t3,"t4,t5",7.000000000000001,3,5.0,103,2657,35.30297327813323,1.121648475724501,13.583083155650325,-5.678133798720185,2.392173843932995,1.4022181776590195,465570.00999999983,46,3.281520511855476,283.233,-31.767,-36.33,-47.995000000000005,False
7.000000000000001,8.5,t1,"t2,t3",7.000000000000001,10,5.0,103,1799,23.346303501945524,1.6797204002223458,26.3625238095238,-5.837884699057288,4.515766440844724,1.4011517604413324,342165.8799999999,39,4.987215119510839,394.304,-53.109,-36.77,-46.835,False
7.000000000000001,8.5,t1,"t2,t3",9.0,8,5.0,103,1800,27.22222222222222,1.403663333333333,22.0814,-6.3307572519083966,3.4879555669811215,1.3845277161590837,335148.1499999999,40,4.885555555555555,395.83,-53.109,-38.69,-50.78,False
5.0,6.5,t3,"t4,t5",9.0,5,5.0,103,2631,34.32155074116305,1.09456632459141,14.763368770764128,-6.048332175925927,2.440899134066497,1.3814389155148077,442435.8900000003,45,4.073356138350437,305.21,-51.007,-40.55,-52.974999999999994,False
5.0,6.5,t3,"t4,t5",7.000000000000001,10,5.0,103,2580,24.8062015503876,1.5756236434108528,22.648143749999996,-5.37613556701031,4.212718125818155,1.3806827390402117,431368.3499999997,55,5.135658914728682,352.259,-51.007,-38.78,-53.84,False
5.0,6.5,t3,"t4,t5",9.0,10,5.0,103,2560,26.015624999999996,1.6983175781250004,22.95487237237236,-5.776268215417105,3.9739969676451024,1.3781578925243152,452030.36,55,5.484375,352.259,-51.007,-38.68,-56.11,False
5.0,6.5,t3,"t4,t5",7.000000000000001,5,5.0,103,2649,32.76708191770479,1.0486798791996979,14.641769585253464,-5.5761386861313875,2.625790068971837,1.3626758105813,394560.4899999999,49,3.7987919969799924,305.21,-51.007,-37.37,-49.19,False
7.000000000000001,8.5,t1,"t2,t3",9.0,10,5.0,103,1785,24.92997198879552,1.6684319327731094,25.676617977528096,-6.30443582089552,4.072786004486732,1.3591291843761482,320031.6599999997,39,5.382633053221289,394.304,-53.109,-38.59,-52.675,False
7.000000000000001,8.5,t1,"t2,t3",5.0,8,5.0,103,1825,22.575342465753426,1.1504115068493153,22.161390776699033,-4.975932059447981,4.4537165121899935,1.356284999687864,255512.0600000001,42,3.913972602739726,395.83,-53.109,-33.37,-42.129999999999995,False
7.000000000000001,8.5,t1,"t2,t3",7.000000000000001,5,5.0,103,1835,30.408719346049047,1.338441961852861,18.00946594982079,-5.946155833985904,3.028757814735651,1.3532080324120175,296687.86,44,3.710626702997275,395.83,-53.109,-31.83,-46.45,False
7.000000000000001,8.5,t1,"t2,t3",5.0,10,5.0,103,1810,20.22099447513812,1.3945546961325976,26.528144808743164,-4.975870498614957,5.331357561682388,1.3303942871522125,240459.44999999998,42,4.345303867403315,394.304,-53.109,-33.53,-42.400000000000006,False
5.0,6.5,t3,"t4,t5",7.000000000000001,8,5.0,103,2612,27.029096477794795,1.2623717457886678,19.31943909348442,-5.426132738719834,3.560443509909855,1.326237336026811,361607.4999999999,49,4.579632465543645,411.692,-51.007,-40.13,-52.535,False
5.0,6.5,t3,"t4,t5",9.0,8,5.0,103,2593,28.461241804859238,1.3654839953721551,19.50308807588075,-5.850446900269545,3.333606544652545,1.3090487441065926,354540.35000000015,50,4.90050134978789,411.692,-51.007,-41.99,-55.269999999999996,False
5.0,6.5,t1,"t2,t3",9.0,10,5.0,103,2754,24.509803921568626,1.3763656499636896,23.672868148148154,-5.8627585377585385,4.03783781912308,1.3001809153174462,361551.7200000001,43,5.301742919389978,1205.202,-47.166,-48.18,-58.435,False
5.0,6.5,t3,"t4,t5",5.0,3,5.0,103,2681,30.39910481163745,0.6421965684446107,13.208098159509204,-4.846125937834941,2.7254962683470962,1.2985187187533607,295764.3299999999,42,2.834763148079075,283.233,-31.767,-38.07,-48.05,False
7.000000000000001,8.5,t2,"t3,t4",5.0,5,5.0,103,1799,27.237354085603112,0.925152862701501,17.12120612244897,-5.137540870893811,3.3325683537521495,1.2950160320842106,224915.30999999994,40,3.255697609783213,387.831,-50.746,-28.49,-41.165,False
7.000000000000001,8.5,t1,"t2,t3",9.0,5,5.0,103,1821,32.23503569467326,1.2933481603514552,17.597069846678025,-6.462149918962724,2.7230983600427874,1.2945852139243934,256718.82999999987,45,4.023064250411862,395.83,-53.109,-35.53,-48.13,False
5.0,6.5,t1,"t2,t3",9.0,8,5.0,103,2778,26.63786897048236,1.1649236861051113,20.669166216216222,-5.9170878312070645,3.493131554885131,1.2802695834820013,337784.9800000001,45,4.854931605471562,759.132,-47.166,-46.33,-60.17,False
7.000000000000001,8.5,t1,"t2,t3",5.0,5,5.0,103,1846,26.543878656554714,0.903658179848321,17.266032653061224,-5.008999262536872,3.4470024346373367,1.2705216377591777,192424.21,42,3.1923076923076925,395.83,-53.109,-30.29,-41.455,False
5.0,7.5,t1,"t2,t3",9.0,10,5.0,103,3849,24.863600935307872,1.470858924395947,24.0652591431557,-6.00591874135546,4.006923866193447,1.2620645457387993,447875.41999999987,47,5.313587944920759,1205.202,-47.166,-57.29,-70.975,False
7.000000000000001,9.5,t1,"t2,t3",7.000000000000001,8,5.0,103,2618,24.75171886936593,0.7637051184110007,21.20981790123457,-5.961716751269032,3.5576695079852247,1.2595840294798408,314679.2900000001,32,4.421695951107716,395.83,-53.109,-46.78,-59.285,False
6.0,8.5,t2,"t3,t4",5.0,10,5.0,103,3046,20.81418253447144,1.0692705187130662,24.24861987381703,-5.023477197346599,4.827058812295426,1.253999588116206,327467.2199999999,41,4.368351936966514,457.458,-57.303,-43.71,-58.56,False
5.0,7.5,t1,"t2,t3",7.000000000000001,10,5.0,103,3883,23.512747875354105,1.0651315992789083,22.684598028477556,-5.580852525252527,4.064719131321447,1.2356289184516873,381095.1699999999,45,4.956219417975792,481.112,-47.166,-55.44,-68.11500000000001,False
5.0,6.5,t3,"t4,t5",5.0,5,5.0,103,2675,28.261682242990656,0.5692400000000003,14.15901984126985,-4.784524231370504,2.9593370535013603,1.2328848803998549,217987.54000000007,42,3.2822429906542054,305.21,-51.007,-37.84,-49.63,False
6.0,8.5,t3,"t4,t5",9.0,10,5.0,103,2837,25.590412407472684,1.0840454705675011,22.82852066115702,-6.3941586925627645,3.5702149037541955,1.2324209817172602,298822.71000000014,44,5.350017624250969,431.15,-58.536,-46.33,-65.045,False
6.0,8.5,t2,"t3,t4",7.000000000000001,10,5.0,103,3005,23.926788685524127,1.3881650582362728,24.585208623087617,-5.907842957130357,4.161452631948345,1.2268693197162348,338442.05999999994,43,5.023627287853578,457.458,-57.303,-49.15,-62.010000000000005,False
7.000000000000001,9.5,t1,"t2,t3",7.000000000000001,5,5.0,103,2662,29.489105935386927,0.6530586025544706,16.74346369426752,-6.076279701651569,2.7555452540666527,1.224330326512806,271618.7800000002,35,3.628099173553719,395.83,-53.109,-45.25,-55.89,False
7.000000000000001,9.5,t1,"t2,t3",7.000000000000001,10,5.0,103,2591,22.462369741412584,0.8789760710150522,24.358814432989686,-5.923047784967645,4.112547343415152,1.2224954148342815,263746.22,38,4.826707834812813,394.304,-53.109,-47.7,-58.64,False
7.000000000000001,9.5,t1,"t2,t3",5.0,8,5.0,103,2644,21.82299546142209,0.6200972012102877,20.970561525129984,-5.060704886308663,4.143802493179197,1.2201438237436224,229580.52999999994,37,3.8222390317700454,395.83,-53.109,-43.74,-56.61,False
5.0,6.5,t1,"t2,t3",7.000000000000001,10,5.0,103,2771,23.31288343558282,0.8259906171057375,21.563955108359135,-5.478350588235292,3.9362130555622947,1.217029732000917,240292.87,42,4.939372067845543,457.458,-47.166,-47.66,-57.785,False
7.000000000000001,9.5,t1,"t2,t3",9.0,8,5.0,103,2594,26.09868928296068,0.7081854279105632,20.99290989660266,-6.455486176317163,3.251948702735672,1.2166981228663938,269747.4500000001,38,4.76869699306091,395.83,-53.109,-47.92,-63.724999999999994,False
7.000000000000001,8.5,t2,"t3,t4",7.000000000000001,5,5.0,103,1792,31.138392857142854,0.9144676339285718,16.578908602150527,-6.168804700162075,2.687539873278035,1.2161926488620518,183291.60000000006,41,3.7109375,387.831,-50.746,-32.79,-45.25,False
6.0,8.5,t1,"t2,t3",7.000000000000001,8,5.0,103,3184,25.251256281407038,1.0954648241206033,21.45309577114428,-5.781650840336136,3.7105484858191526,1.2142558445513476,299781.27999999997,42,4.521670854271357,557.476,-53.109,-49.1,-60.325,False
6.0,7.5,t3,"t4,t5",7.000000000000001,10,5.0,103,2079,23.76142376142376,0.7990596440596442,22.260846153846156,-5.889976656151416,3.7794455654755805,1.213091230497263,190911.54000000004,42,4.8840788840788845,431.15,-58.536,-38.87,-56.195,False
5.0,7.5,t1,"t2,t3",5.0,10,5.0,103,3958,20.66700353713997,0.7146750884284996,21.982209046454763,-4.825720700636943,4.5552178441560764,1.2127178115743218,295625.7799999999,40,4.2973724103082365,481.112,-47.166,-54.49,-66.56,False
6.0,8.5,t3,"t4,t5",7.000000000000001,10,5.0,103,2871,24.033437826541274,0.9140264716126788,22.651108695652173,-5.962904630903257,3.798670295389413,1.2124057337474927,266048.41999999975,44,4.961337513061651,431.15,-58.536,-49.74,-64.66499999999999,False
6.0,8.5,t1,"t2,t3",7.000000000000001,10,5.0,103,3148,23.316391359593393,1.3641664548919952,24.84335422343325,-5.7749072079536035,4.301948642433121,1.2121067524014884,299384.4699999999,42,4.972363405336722,481.112,-53.109,-49.6,-63.790000000000006,False
6.0,8.5,t1,"t2,t3",9.0,10,5.0,103,3110,24.983922829581996,1.5318562700964635,24.933840411840407,-6.262117873981999,3.981694518309235,1.2119958832964628,312773.95999999985,42,5.374276527331189,481.112,-53.109,-51.01,-65.935,False
6.0,7.5,t3,"t4,t5",9.0,10,5.0,103,2065,25.13317191283293,0.9589743341404363,22.69528709055877,-6.338015523932732,3.5808191073152136,1.2093332807335173,195534.2400000001,45,5.255690072639225,431.15,-58.536,-41.47,-55.9,False
5.0,6.5,t1,"t2,t3",5.0,10,5.0,103,2814,20.64676616915423,0.691824093816631,21.521099827882967,-4.727705329153604,4.552123774544947,1.2078281542846556,209491.48,41,4.307746979388771,457.458,-47.166,-44.3,-56.394999999999996,False
5.0,7.5,t3,"t4,t5",7.000000000000001,10,5.0,103,3541,24.371646427562833,1.0973318271674668,21.91695133256083,-5.611903286034354,3.905439957795214,1.2051196131659887,304034.9900000001,44,5.032759107596724,431.15,-58.536,-49.95,-64.965,False
6.0,8.5,t1,"t2,t3",9.0,8,5.0,103,3148,26.874205844980942,1.1666188055908508,21.423432624113474,-6.277892267593399,3.412519952707957,1.2047930198701422,298772.64999999997,44,4.877382465057179,557.476,-53.109,-50.31,-63.41,False
7.000000000000001,8.5,t2,"t3,t4",5.0,8,5.0,103,1784,22.6457399103139,0.9018122197309427,21.243784653465344,-5.05337391304348,4.203881410522998,1.2029434613788998,152440.30999999994,42,3.9069506726457397,387.831,-50.746,-32.42,-42.620000000000005,False
5.0,7.5,t1,"t2,t3",9.0,8,5.0,103,3901,26.76236862342989,1.0893088951550887,20.65206704980843,-6.0592803640182,3.408336602552098,1.2025935107102774,346098.6699999998,46,4.857985132017431,759.132,-47.166,-54.93,-70.105,False
7.000000000000001,8.5,t2,"t3,t4",5.0,10,5.0,103,1768,20.361990950226243,0.8616233031674209,23.969325,-5.04659588068182,4.749602616637818,1.2022739143921668,154183.0700000002,43,4.356900452488688,386.329,-50.746,-32.55,-44.085,False
6.0,7.5,t1,"t2,t3",9.0,10,5.0,103,2201,24.852339845524764,1.5121771921853706,24.82181170018282,-6.196631801692867,4.005694140710719,1.2005831673543674,205850.95,45,5.318945933666515,481.112,-45.467,-43.45,-53.665000000000006,False
7.000000000000001,9.5,t1,"t2,t3",5.0,10,5.0,103,2617,19.717233473442874,0.753269010317157,24.373771317829462,-5.047863398381724,4.82853227083034,1.1939072468546053,199576.95999999996,35,4.197936568589989,394.304,-53.109,-44.42,-56.18,False
7.000000000000001,8.5,t2,"t3,t4",7.000000000000001,8,5.0,103,1772,26.185101580135438,1.028621896162528,20.873976293103443,-6.011320336391437,3.4724445088604243,1.1883494088044937,163673.86000000007,44,4.4813769751693,387.831,-50.746,-36.06,-48.26,False
7.000000000000001,8.5,t2,"t3,t4",9.0,5,5.0,103,1787,32.79238947957471,0.9218998321208727,16.67566552901023,-6.764783513738549,2.465070093543089,1.1876584890898276,175074.63000000006,38,3.9932848349188586,387.831,-50.746,-34.95,-47.95,False
7.000000000000001,9.5,t1,"t2,t3",9.0,10,5.0,103,2566,23.850350740452065,0.8553877630553391,24.0535816993464,-6.410372057318323,3.7522910502341156,1.187462394789049,228607.1100000003,37,5.208885424785659,394.304,-53.109,-49.0,-63.44500000000001,False
7.000000000000001,8.5,t1,"t2,t3",7.000000000000001,3,5.0,103,1843,33.53228431904503,0.6101530113944655,13.842113268608417,-6.065235918367348,2.2822052521799456,1.1863035204319328,139162.69,40,3.148670645686381,193.908,-53.109,-29.64,-44.705,False
6.0,8.5,t1,"t2,t3",7.000000000000001,5,5.0,103,3240,29.598765432098766,0.8671592592592591,16.851460896767463,-5.8531148619026725,2.8790586370433124,1.186047467447379,261733.82,49,3.7367283950617285,395.83,-53.109,-46.07,-57.175,False
6.0,7.5,t2,"t3,t4",9.0,10,5.0,103,2137,24.988301357042584,1.3056963032288258,24.57716853932584,-6.4466219588272,3.8124103904794557,1.1841846552709376,189429.53,45,5.301824988301357,457.458,-57.303,-40.53,-56.585,False
5.0,7.5,t3,"t4,t5",9.0,10,5.0,103,3506,25.5561893896178,1.2761697090701656,22.58902790178571,-6.040428352490423,3.739640069147153,1.1823879930466583,279386.78999999975,47,5.390188248716486,431.15,-58.536,-53.31,-66.535,False
6.0,8.5,t2,"t3,t4",5.0,8,5.0,103,3089,22.62868242149563,0.7134852703140176,20.325108726752497,-5.022299163179915,4.046972923429648,1.1815865153098508,222805.30000000013,37,3.9038523794108126,530.714,-57.303,-43.16,-57.260000000000005,False
7.000000000000001,8.5,t2,"t3,t4",7.000000000000001,10,5.0,103,1756,23.519362186788154,1.0175210706150342,23.721087167070216,-5.964290394638869,3.9771851465167467,1.1815212030816986,163024.74000000002,40,4.988610478359909,386.329,-50.746,-37.43,-49.900000000000006,False
6.0,8.5,t3,"t4,t5",9.0,8,5.0,103,2885,27.694974003466204,0.6816918544194114,19.272976220275346,-6.4393226270373916,2.9930129823519143,1.179794315074747,225047.35000000012,46,4.8,397.606,-58.536,-44.7,-64.755,False
6.0,8.5,t1,"t2,t3",5.0,8,5.0,103,3224,22.084367245657567,0.7681349255583126,20.99050421348315,-4.963683121019107,4.228816324836935,1.1794686360179396,215821.1700000001,40,3.905707196029777,557.476,-53.109,-44.88,-62.09,False
5.0,7.5,t3,"t4,t5",7.000000000000001,5,5.0,103,3666,31.4784506273868,0.6049012547735956,14.506736568457537,-5.7815310509554125,2.509151371946755,1.178784092888466,253437.38999999996,45,3.7463175122749592,305.21,-58.536,-46.01,-63.155,False
7.000000000000001,9.5,t1,"t2,t3",5.0,5,5.0,103,2685,25.95903165735568,0.43128677839851004,16.271705882352943,-5.1224215291750514,3.17656518302457,1.1787190020249119,186711.00999999986,39,3.128119180633147,395.83,-53.109,-40.59,-52.18,False
5.0,6.5,t1,"t2,t3",7.000000000000001,8,5.0,103,2796,25.21459227467811,0.7357904148783979,19.29274326241135,-5.520857962697272,3.4945190390273475,1.1765954318720413,197986.7900000001,42,4.505007153075822,530.714,-47.166,-47.19,-57.394999999999996,False
6.0,8.5,t2,"t3,t4",7.000000000000001,8,5.0,103,3051,26.18813503769256,0.9878498852835133,20.492778473091366,-5.932415630550622,3.454373352999428,1.1765073626471645,245090.57000000004,44,4.4945919370698135,530.714,-57.303,-47.49,-59.765,False
7.000000000000001,8.5,t1,"t2,t3",9.0,3,5.0,103,1830,36.01092896174863,0.6265065573770493,13.529582701062223,-6.634917164816395,2.0391486984655702,1.1761917544065255,137573.52000000002,46,3.4344262295081966,193.908,-53.109,-32.5,-48.045,False
7.000000000000001,9.5,t1,"t2,t3",9.0,5,5.0,103,2639,31.072375899962108,0.5831246684350129,16.556075609756096,-6.617435953820777,2.50188679199788,1.1746040235036288,218346.0399999999,38,3.936718453959833,395.83,-53.109,-46.34,-60.855000000000004,False
6.0,8.5,t1,"t2,t3",9.0,5,5.0,103,3208,31.60847880299252,0.924458852867831,16.75566173570019,-6.392241112123973,2.6212499562821914,1.1738963150125707,256210.53,50,4.048316708229426,395.83,-53.109,-45.65,-62.33,False
6.0,7.5,t1,"t2,t3",5.0,10,5.0,103,2233,20.19704433497537,0.7418495297805644,23.20350997782706,-4.942891694725028,4.694318915097707,1.173876231867895,147263.6300000001,36,4.255709807433945,481.112,-45.467,-39.88,-51.230000000000004,False
5.0,6.5,t2,"t3,t4",9.0,10,5.0,103,2644,25.416036308623298,1.1943891830559759,22.489141369047612,-6.06224036511156,3.709707965140006,1.1737050445833037,225227.54,49,5.380862329803328,361.011,-88.741,-41.99,-62.545,False
6.0,8.5,t1,"t2,t3",5.0,10,5.0,103,3189,20.319849482596425,0.9164374412041397,24.01546913580247,-4.974224714679258,4.8279823516881475,1.1736364181420413,210717.38000000018,43,4.3022891188460335,481.112,-53.109,-45.12,-61.805,False
6.0,8.5,t2,"t3,t4",9.0,10,5.0,103,2992,25.100267379679142,1.291584893048128,24.353508655126483,-6.436886657742079,3.7834297774740016,1.1732349534216147,275428.68000000005,43,5.337232620320855,457.458,-57.303,-49.64,-66.07,False
6.0,8.5,t2,"t3,t4",5.0,5,5.0,103,3132,26.6602809706258,0.49721296296296286,15.809439520958076,-5.06905137135394,3.1188161971093593,1.1728931712211217,215449.23,42,3.2276500638569603,387.831,-57.303,-41.97,-52.99,False
5.0,6.5,t3,"t4,t5",5.0,10,5.0,103,2618,21.352177234530174,0.8722100840336138,21.36384257602862,-4.691084021369596,4.554137695830758,1.171086728760025,164158.48000000007,47,4.402597402597403,352.259,-51.007,-40.86,-53.51,False
5.0,6.5,t1,"t2,t3",9.0,5,5.0,103,2814,31.236673773987206,0.8720316275764038,16.209476678043227,-6.095210852713177,2.659379153524748,1.171085765012735,188653.57000000004,44,4.039445628997868,991.308,-47.166,-44.54,-57.965,False
6.0,7.5,t1,"t2,t3",7.000000000000001,10,5.0,103,2217,23.049165539016688,1.2626328371673434,24.563947162426615,-5.716834701055099,4.296774079875546,1.1703701858361746,165911.68000000002,43,4.925575101488498,481.112,-45.467,-40.99,-52.845,False
5.0,7.5,t3,"t4,t5",7.000000000000001,8,5.0,103,3600,26.5,0.6689794444444448,18.215960167714886,-5.657482993197276,3.2197993683088915,1.1700189760684925,244449.59000000003,44,4.498333333333333,314.059,-58.536,-47.72,-63.019999999999996,False
5.0,7.5,t2,"t3,t4",9.0,10,5.0,103,3650,25.150684931506852,1.177291506849315,23.180526143790843,-6.216181918008785,3.7290617375007913,1.1691390566999695,300443.59000000014,49,5.3553424657534245,457.458,-88.741,-56.32,-75.62,False
7.000000000000001,9.5,t3,"t4,t5",9.0,10,5.0,103,2343,24.79726845924029,0.8615911224925314,23.3756247848537,-6.56216231555051,3.5621832653331253,1.166018820014478,177254.52,42,5.268459240290226,460.876,-52.473,-46.66,-59.480000000000004,False
6.0,7.5,t2,"t3,t4",7.000000000000001,10,5.0,103,2149,23.59236854350861,1.3101749651000465,24.91439250493095,-5.9780943970767355,4.167614435314704,1.1653111489163364,160275.04000000004,46,4.953001395998139,457.458,-57.303,-39.09,-56.53,False
5.0,6.5,t2,"t3,t4",9.0,8,5.0,103,2670,27.677902621722843,1.0431490636704124,19.74246549391069,-6.113140341791816,3.229512883737264,1.1651854387157319,204149.05999999997,53,4.896629213483146,397.606,-88.741,-41.99,-60.715,False
5.0,7.5,t1,"t2,t3",5.0,8,5.0,103,4004,22.052947052947054,0.5938616383616384,19.781776896942237,-4.834824415251521,4.0915191944800196,1.163952743870838,232835.9000000001,43,3.9235764235764234,557.476,-47.166,-50.7,-65.9,False
5.0,7.5,t1,"t2,t3",7.000000000000001,8,5.0,103,3934,25.26690391459075,0.82251220132181,19.87304325955734,-5.618381632653063,3.5371472710323997,1.1637343729846263,266576.69,44,4.525419420437214,557.476,-47.166,-52.62,-66.445,False
7.000000000000001,8.5,t3,"t4,t5",9.0,10,5.0,103,1690,25.088757396449708,0.9223644970414201,23.42620283018868,-6.614466034755135,3.5416619734832318,1.1634921882039362,127558.97000000013,43,5.332544378698225,373.938,-52.361,-36.8,-51.34,False
5.0,7.5,t3,"t4,t5",7.000000000000001,3,5.0,103,3695,33.775372124492556,0.5428238159675239,13.12633653846154,-5.874921945239067,2.2342997338201047,1.1616067920056685,227164.54000000007,44,3.2316644113667117,283.233,-58.536,-42.8,-60.14,False
6.0,7.5,t1,"t2,t3",5.0,8,5.0,103,2246,21.59394479073909,0.65406322350846,20.929127835051546,-4.929926746166949,4.245322276101584,1.1608294006965292,135216.15999999997,40,3.8953695458593054,557.476,-45.467,-39.36,-48.815,False
6.0,7.5,t1,"t2,t3",9.0,8,5.0,103,2217,26.56743346865133,1.0693134866937306,21.207254668930396,-6.216464987714987,3.4114653120125813,1.1548923240588238,156623.02999999997,45,4.843933243121335,557.476,-45.467,-42.78,-52.705,False
5.0,7.5,t3,"t4,t5",9.0,8,5.0,103,3566,27.87436904094223,0.8328376332024677,18.815923541247493,-6.117079704510108,3.0759650765012196,1.1534943731785845,229067.81999999998,45,4.824733595064498,397.606,-58.536,-52.58,-65.88499999999999,False
7.000000000000001,8.5,t1,"t2,t3",5.0,3,5.0,103,1852,29.15766738660907,0.41822138228941685,13.724774074074077,-5.058560975609755,2.7131775499493123,1.1522858895721326,100494.37999999998,44,2.7170626349892006,193.908,-53.109,-30.02,-40.265,False
5.0,6.5,t3,"t4,t5",5.0,8,5.0,103,2644,23.22239031770045,0.6644455370650529,18.445698697068405,-4.713726600985222,3.9131880693320324,1.1518246869966344,143441.03999999992,40,3.930786686838124,411.692,-51.007,-40.95,-50.64,False
7.000000000000001,8.5,t3,"t4,t5",7.000000000000001,10,5.0,103,1703,23.54668232530828,0.858943041691133,23.786810473815457,-6.202558371735791,3.83499985783426,1.150634302494211,114824.28999999992,42,4.94891368173811,373.938,-52.361,-34.9,-51.075,False
6.0,8.5,t3,"t4,t5",7.000000000000001,8,5.0,103,2916,26.06310013717421,0.5204098079561044,18.94756578947369,-5.97524814471243,3.1710090243265663,1.149745216995789,180996.08,46,4.448216735253772,375.401,-58.536,-45.96,-64.555,False
7.000000000000001,8.5,t3,"t4,t5",9.0,8,5.0,103,1709,27.150380339379755,0.72541837331773,20.53982327586207,-6.6592273092369485,3.084415401674528,1.149580072722611,115523.93000000005,40,4.794031597425395,375.401,-52.361,-35.89,-54.37,False
6.0,7.5,t2,"t3,t4",5.0,10,5.0,103,2168,20.756457564575644,1.004189114391145,24.295639999999985,-5.096598370197904,4.767030524136939,1.147906708698895,126358.77999999997,40,4.339022140221402,457.458,-57.303,-37.01,-51.035,False
5.0,7.5,t2,"t3,t4",7.000000000000001,10,5.0,103,3679,24.109812449035065,1.141302256047839,22.878674182638097,-5.764517550143267,3.9688792658926833,1.1477920984612275,234843.01000000004,46,5.042674639847784,457.458,-88.741,-53.85,-69.66,False
6.0,7.5,t1,"t2,t3",7.000000000000001,8,5.0,103,2232,24.686379928315414,0.9617405913978501,21.328255898366606,-5.714017846519927,3.7326197557041922,1.1462264409157978,141307.8,43,4.499551971326165,557.476,-45.467,-40.95,-52.379999999999995,False
7.000000000000001,8.5,t2,"t3,t4",9.0,8,5.0,103,1767,27.560837577815505,0.965241652518393,20.79957494866529,-6.58110234375,3.160500150619663,1.1458279748444222,138261.55000000002,41,4.786078098471987,387.831,-50.746,-37.55,-49.985,False
5.0,6.5,t1,"t2,t3",5.0,8,5.0,103,2837,22.065562213605922,0.5437451533309837,19.205196485623006,-4.739867933061962,4.051842109705453,1.1449894258680613,146155.81000000003,36,3.9168135354247444,530.714,-47.166,-43.4,-55.42,False
7.000000000000001,8.5,t3,"t4,t5",7.000000000000001,8,5.0,103,1722,25.377468060394893,0.6691562137049931,20.914935926773452,-6.215984435797666,3.3647021067692786,1.143366471510214,107991.74999999997,42,4.4367015098722415,375.401,-52.361,-34.17,-50.44,False
5.0,7.5,t3,"t4,t5",9.0,5,5.0,103,3633,33.003027800715664,0.6244481145059185,14.659507089241037,-6.289288824979455,2.330868798872331,1.143158236201652,208686.52000000002,44,4.026424442609414,305.21,-58.536,-50.01,-64.38,False
7.000000000000001,8.5,t3,"t4,t5",9.0,5,5.0,103,1726,32.039397450753185,0.5343035921205098,16.12647016274865,-6.816479113384484,2.365806436798662,1.1408775074123791,105916.74999999994,40,3.9884125144843567,375.401,-52.361,-35.49,-51.305,False
7.000000000000001,8.5,t3,"t4,t5",9.0,3,5.0,103,1734,34.94809688581315,0.2846072664359864,13.787468646864681,-6.96958953900709,1.978232515659579,1.1396320932057797,101898.40000000001,39,3.4515570934256057,217.954,-52.361,-32.71,-50.655,False
6.0,7.5,t3,"t4,t5",9.0,8,5.0,103,2091,27.259684361549496,0.42026111908177927,18.600699999999996,-6.392921104536489,2.909577593066295,1.1389171714491888,126587.28000000007,39,4.709708273553324,397.606,-58.536,-40.22,-56.685,False
5.0,6.5,t2,"t3,t4",7.000000000000001,8,5.0,103,2689,26.62699888434362,0.8193134994421715,18.55546648044693,-5.617121135326912,3.303376593349365,1.138307710612548,147535.61000000004,55,4.600595016734846,283.507,-88.741,-39.79,-54.795,False
6.0,8.5,t3,"t4,t5",9.0,5,5.0,103,2927,32.55893406217971,0.41686094977792965,14.940067156348375,-6.594595744680849,2.265501591723635,1.1382708492896356,166785.11999999994,45,4.004441407584557,375.401,-58.536,-42.79,-62.755,False
7.000000000000001,9.5,t1,"t2,t3",7.000000000000001,3,5.0,103,2680,32.57462686567164,0.2719436567164182,13.585335624284076,-6.160038184836748,2.2053979564160953,1.1348957998364724,149234.18,42,3.0817164179104477,193.908,-53.109,-41.2,-56.685,False
7.000000000000001,8.5,t2,"t3,t4",9.0,10,5.0,103,1751,24.785836664762993,0.9091741861793264,23.452520737327177,-6.519688686408505,3.5971841395154787,1.1341360756003394,130725.96000000002,40,5.29982866933181,386.329,-50.746,-39.69,-50.325,False
5.0,7.5,t3,"t4,t5",9.0,3,5.0,103,3667,35.505863103354244,0.5198371966184892,13.106728878648239,-6.409605919661734,2.044857210088814,1.134049778190295,195250.73,45,3.477502045268612,283.233,-58.536,-49.41,-62.724999999999994,False
5.0,6.5,t2,"t3,t4",7.000000000000001,10,5.0,103,2665,24.42776735459662,0.9512983114446533,21.179628264208905,-5.587253227408143,3.790704913876594,1.1339607793836917,145942.55000000005,51,5.0701688555347095,361.011,-88.741,-43.0,-56.489999999999995,False
6.0,7.5,t2,"t3,t4",9.0,8,5.0,103,2155,27.285382830626446,0.9082097447795828,20.591476190476182,-6.477725590299935,3.178812671736338,1.1337447913465428,134022.20999999996,44,4.793039443155452,530.714,-57.303,-40.53,-55.425,False
7.000000000000001,9.5,t3,"t4,t5",9.0,8,5.0,103,2372,27.02360876897133,0.6711391231028672,20.344294851794064,-6.613952050837664,3.0759664865150387,1.1324437356074466,142052.4100000001,41,4.749156829679595,460.876,-52.473,-43.69,-58.644999999999996,False
6.0,8.5,t1,"t2,t3",5.0,5,5.0,103,3274,25.839951130116066,0.5003576664630421,16.232540189125295,-4.981284184514001,3.2587059055152108,1.1324215294619233,158234.66,42,3.2199144777031155,395.83,-53.109,-42.53,-56.655,False
7.000000000000001,9.5,t2,"t3,t4",5.0,5,5.0,103,2565,26.08187134502924,0.4725165692007803,16.269653213751866,-5.101473101265823,3.189206899809958,1.132042894743704,138953.24,42,3.15906432748538,387.831,-50.746,-35.59,-56.144999999999996,False
5.0,7.5,t2,"t3,t4",5.0,10,5.0,103,3726,21.524422973698336,0.9579071390230807,22.39272443890274,-4.921273255813953,4.550189204073996,1.1318080692375339,180965.35,44,4.434782608695652,457.458,-57.303,-51.64,-61.295,False
5.0,7.5,t1,"t2,t3",9.0,5,5.0,103,3978,31.121166415284062,0.8695455002513826,16.514970113085617,-6.199445620437956,2.6639430562371684,1.1307442090140631,213782.49999999997,48,4.044494720965309,991.308,-47.166,-52.23,-65.595,False
6.0,7.5,t3,"t4,t5",7.000000000000001,5,5.0,103,2122,30.301602262016964,0.3334712535344018,14.921979782270604,-6.008929682217714,2.483300782571873,1.1297120743646794,109252.30000000005,40,3.693213949104618,272.183,-58.536,-38.23,-53.334999999999994,False
6.0,8.5,t3,"t4,t5",7.000000000000001,5,5.0,103,2956,30.68335588633288,0.36699627875507485,14.949105843439916,-6.0878467545144,2.455565398776589,1.1288621026646954,152201.26,42,3.699594046008119,375.401,-58.536,-44.86,-62.81,False
6.0,8.5,t2,"t3,t4",9.0,8,5.0,103,3037,27.494237734606518,0.9366025683240038,20.48568023952096,-6.476421889191646,3.163117009673049,1.1287803822374929,191710.8800000001,42,4.802765887388871,530.714,-57.303,-48.32,-65.42,False
7.000000000000001,9.5,t1,"t2,t3",5.0,3,5.0,103,2700,28.48148148148148,0.20901333333333347,13.62787126137841,-5.134902641118594,2.6539687728937538,1.127586587285218,126115.79000000005,44,2.653703703703704,193.908,-53.109,-38.47,-50.435,False
5.0,7.5,t2,"t3,t4",9.0,8,5.0,103,3701,27.560118886787354,0.9241091596865713,19.82266078431373,-6.26594032077583,3.1635572267722054,1.1274002759822168,216539.07,48,4.869494731153742,530.714,-88.741,-55.8,-72.895,False
5.0,6.5,t2,"t3,t4",9.0,3,5.0,103,2741,35.68040860999635,0.5157066763954761,12.91817689161554,-6.36439307997731,2.029757862105776,1.1272055857695913,186736.3699999999,42,3.454578620941262,307.882,-88.741,-41.33,-56.155,False
7.000000000000001,8.5,t3,"t4,t5",7.000000000000001,5,5.0,103,1739,30.017251293847035,0.4376354226566995,16.212367816091955,-6.328519309778144,2.5617947931425853,1.1249970141814725,90896.03999999994,39,3.6595744680851063,375.401,-52.361,-31.93,-49.1,False
6.0,8.5,t3,"t4,t5",5.0,10,5.0,103,2919,20.966084275436796,0.59694107571086,22.099287581699336,-5.10719245773732,4.327091208050962,1.1236331379959692,137193.21999999997,42,4.300787941075711,431.15,-58.536,-44.6,-62.325,False
6.0,7.5,t3,"t4,t5",7.000000000000001,8,5.0,103,2103,25.77270565858298,0.25125202092249227,18.001466789667894,-5.911859064702112,3.044975631633221,1.1213731855870208,104986.89000000006,35,4.377080361388493,283.052,-58.536,-37.94,-55.55,False
7.000000000000001,8.5,t3,"t4,t5",7.000000000000001,3,5.0,103,1746,32.70332187857961,0.19635910652920963,13.881267950963217,-6.453924255319151,2.1508259783995216,1.1184525274572081,83710.78000000001,41,3.1620847651775486,217.954,-52.361,-30.88,-48.285,False
6.0,7.5,t1,"t2,t3",9.0,5,5.0,103,2241,31.280678268630073,0.8879156626506026,16.78288302425107,-6.34739090909091,2.6440600972305264,1.1174702246247437,115134.66999999995,50,4.052208835341365,305.225,-45.467,-39.75,-51.125,False
6.0,7.5,t3,"t4,t5",9.0,5,5.0,103,2111,31.92799621032686,0.32826290857413554,14.941724035608308,-6.525928322894923,2.2895936480313823,1.1164965930966664,101332.95999999992,40,3.9786830885836095,272.183,-58.536,-39.25,-52.615,False
6.0,7.5,t2,"t3,t4",7.000000000000001,8,5.0,103,2168,25.69188191881919,0.8564045202952034,20.66714362657091,-5.993118559900683,3.448479021398402,1.1149197125734418,107877.11999999997,44,4.451568265682657,530.714,-57.303,-37.83,-54.57,False
6.0,8.5,t1,"t2,t3",9.0,3,5.0,103,3253,35.72087304027052,0.4308007992622195,13.096232358003435,-6.607569105691055,1.9820045993501207,1.1135718366160714,152813.13999999996,45,3.448816477098063,238.135,-53.109,-44.32,-59.775,False
7.000000000000001,9.5,t1,"t2,t3",9.0,3,5.0,103,2659,34.787514103046256,0.2560534035351637,13.38640756756756,-6.748316608996537,1.9836662005042018,1.1117266979855696,129157.19999999995,38,3.359909740503949,193.908,-53.109,-45.46,-58.795,False
6.0,7.5,t1,"t2,t3",7.000000000000001,5,5.0,103,2253,29.24988903683977,0.7813568575233022,16.715103186646434,-5.806057716436637,2.8789075140136613,1.1084705172339437,100486.83000000003,44,3.7474478473146915,305.225,-45.467,-38.19,-46.085,False
6.0,7.5,t1,"t2,t3",5.0,5,5.0,103,2264,25.618374558303884,0.45924690812720864,16.222418965517246,-4.969874109263658,3.2641508836771678,1.1070635572912944,86220.32999999999,41,3.246024734982332,304.494,-45.467,-35.54,-46.455,False
7.000000000000001,9.5,t2,"t3,t4",7.000000000000001,5,5.0,103,2548,30.102040816326532,0.5492680533751968,16.06262190352021,-6.131665356541267,2.619618157469176,1.107050706814068,125741.22999999995,42,3.638540031397174,387.831,-50.746,-38.29,-61.765,False
6.0,8.5,t1,"t2,t3",7.000000000000001,3,5.0,103,3281,33.40444986284669,0.3731682413898204,13.128658759124086,-6.025009153318076,2.1790271890116397,1.1059343005957103,134671.23,43,3.1758610179823226,238.135,-53.109,-43.59,-57.37,False
5.0,6.5,t2,"t3,t4",5.0,8,5.0,103,2712,23.74631268436578,0.573193215339233,17.786167701863356,-4.787133462282398,3.7154108699913517,1.1051013053387753,97620.95999999999,46,4.03429203539823,252.45,-49.159,-39.44,-51.165,False
6.0,7.5,t2,"t3,t4",5.0,8,5.0,103,2185,22.471395881006863,0.584967505720824,20.163338085539703,-5.089755017709563,3.961553751680055,1.1042085146885376,87200.47000000004,38,3.902974828375286,530.714,-57.303,-36.27,-51.17,False
6.0,8.5,t2,"t3,t4",7.000000000000001,5,5.0,103,3109,30.588613702155033,0.5816182052106786,15.629700315457402,-6.0498582020389255,2.5834820905703,1.1041539242596385,141298.95,39,3.6989385654551303,387.831,-57.303,-45.57,-56.575,False
7.000000000000001,9.5,t2,"t3,t4",7.000000000000001,8,5.0,103,2508,25.598086124401913,0.921733253588516,20.995936137071656,-5.984825294748123,3.5081953278563147,1.103611061794531,125707.07999999987,42,4.399122807017544,553.309,-50.746,-40.89,-59.89,False
5.0,6.5,t2,"t3,t4",9.0,5,5.0,103,2715,32.37569060773481,0.4683860036832413,14.534365187713309,-6.2658164488017425,2.319628304862461,1.103362397057958,136530.85000000006,42,3.9804788213627993,316.751,-88.741,-43.66,-60.18,False
6.0,8.5,t3,"t4,t5",9.0,3,5.0,103,2959,35.24839472794863,0.13723217303142954,12.761137104506231,-6.73475782881002,1.8948175166620693,1.102434825584248,119739.33000000009,44,3.4481243663399797,217.954,-58.536,-41.73,-61.775,False
5.0,7.5,t3,"t4,t5",5.0,3,5.0,103,3739,29.55335651243648,0.28895025407863084,12.88844524886878,-4.996714882308275,2.579383765622195,1.1016639231773155,135199.93,37,2.7911206204867614,283.233,-58.536,-45.66,-58.205,False
7.000000000000001,9.5,t3,"t4,t5",7.000000000000001,10,5.0,103,2363,23.063901819720694,0.6583313584426577,23.401772477064206,-6.159696919691971,3.7991759630658035,1.1008576272579953,105352.27999999997,37,4.8429961912822685,460.876,-52.473,-44.28,-58.53,False
5.0,6.5,t2,"t3,t4",5.0,10,5.0,103,2691,21.77629134150873,0.6760081753994801,20.28991296928327,-4.784204750593824,4.241021032129708,1.100823086796992,94313.24999999999,45,4.455221107395021,361.011,-49.159,-41.86,-52.19,False
6.0,7.5,t3,"t4,t5",5.0,10,5.0,103,2100,20.714285714285715,0.5167838095238098,21.75487356321839,-5.031906306306305,4.3233860566826925,1.0986455805716795,78355.69999999994,36,4.227619047619048,431.15,-58.536,-37.22,-50.614999999999995,False
7.000000000000001,9.5,t3,"t4,t5",7.000000000000001,8,5.0,103,2392,24.95819397993311,0.507203595317726,20.607422110552747,-6.1779387186629515,3.33564689599457,1.098504976749748,102926.25999999991,34,4.35994983277592,460.876,-52.473,-42.59,-57.18,False
7.000000000000001,9.5,t3,"t4,t5",9.0,3,5.0,103,2429,34.74680938657884,0.24522396047756273,13.744707345971566,-6.9431444794952695,1.9796084305263852,1.097530885617364,99383.99000000002,45,3.4322766570605188,217.954,-52.473,-41.23,-58.379999999999995,False
5.0,7.5,t1,"t2,t3",7.000000000000001,5,5.0,103,4007,29.298727227352135,0.5607521836785628,15.701964224872235,-5.71379174020473,2.7480812985160745,1.0974885383340973,150410.55000000002,43,3.7501871724482156,310.294,-47.166,-51.52,-63.265,False
7.000000000000001,9.5,t2,"t3,t4",7.000000000000001,10,5.0,103,2485,23.138832997987926,0.9358583501006035,23.739424347826084,-5.92908952879581,4.003890349864143,1.0971688519214138,119120.78999999992,42,4.863581488933602,553.309,-50.746,-42.0,-61.995000000000005,False
5.0,6.5,t1,"t2,t3",9.0,3,5.0,103,2845,35.21968365553603,0.48728330404217923,12.912131736526948,-6.267843190450355,2.060059791572289,1.0920067935498172,99161.16000000003,47,3.469244288224956,238.135,-32.932,-42.27,-52.224999999999994,False
5.0,7.5,t2,"t3,t4",7.000000000000001,8,5.0,103,3732,26.312968917470524,0.8565109860664527,19.49795519348269,-5.8001792727272745,3.3616125082828083,1.091967645198548,139609.76,45,4.558949624866024,530.714,-88.741,-52.84,-69.26,False
5.0,7.5,t2,"t3,t4",5.0,8,5.0,103,3775,23.39072847682119,0.6964696688741723,19.119295583238962,-4.928480290456431,3.8793491008296814,1.0897960073240371,121587.01999999997,45,4.00158940397351,530.714,-57.303,-50.89,-62.260000000000005,False
7.000000000000001,9.5,t2,"t3,t4",9.0,5,5.0,103,2532,31.714060031595576,0.5462448657187997,16.238663760896642,-6.7417900520532115,2.408657587305193,1.0889821411670197,115018.05000000003,44,3.939178515007899,387.831,-50.746,-42.45,-62.155,False
5.0,6.5,t1,"t2,t3",7.000000000000001,5,5.0,103,2830,29.328621908127207,0.393941342756184,14.944090361445776,-5.644370499999998,2.6476097487657446,1.0887144803046847,90706.66999999998,42,3.7353356890459364,310.294,-47.166,-44.72,-55.245000000000005,False
7.000000000000001,9.5,t3,"t4,t5",9.0,5,5.0,103,2410,31.618257261410786,0.27255435684647294,15.590628608923879,-6.810195995145631,2.289306889263836,1.0885047982663374,95870.47999999998,42,3.945643153526971,375.401,-52.473,-42.92,-59.4,False
5.0,6.5,t1,"t2,t3",7.000000000000001,3,5.0,103,2859,33.29835606855544,0.40762749213011545,12.820828781512606,-5.78920922915574,2.214607949725512,1.0863926646615438,88684.13999999998,42,3.2154599510318294,238.135,-28.526,-41.27,-52.015,False
5.0,7.5,t3,"t4,t5",5.0,5,5.0,103,3713,27.578777269054672,0.352408833827094,14.272565429687496,-4.948535886946821,2.8841996412182183,1.0844652196745683,110245.41000000006,39,3.2483167250201994,305.21,-58.536,-44.1,-58.37,False
5.0,7.5,t1,"t2,t3",5.0,5,5.0,103,4067,25.768379641013034,0.36651561347430567,15.502475190839698,-4.887702881748924,3.171730272052172,1.0838055217411453,112984.98000000001,45,3.248094418490288,304.494,-47.166,-50.12,-62.25,False
6.0,8.5,t1,"t2,t3",5.0,3,5.0,103,3306,29.189352692075015,0.23255686630369046,13.09815647668394,-5.0708620247757334,2.5830236383257197,1.083595158817972,94665.56000000003,42,2.737749546279492,238.135,-53.109,-39.15,-56.769999999999996,False
5.0,6.5,t1,"t2,t3",5.0,5,5.0,103,2865,25.82897033158813,0.2666998254799306,14.868313513513513,-4.818097411764706,3.0859304498926172,1.0806613687807307,74821.02999999997,46,3.243280977312391,304.494,-47.166,-41.47,-53.67,False
7.000000000000001,9.5,t2,"t3,t4",5.0,10,5.0,103,2515,19.880715705765407,0.48620556660039743,22.570495999999988,-4.993767245657568,4.51973327744232,1.0799180711514829,82128.82999999999,41,4.197614314115308,386.329,-50.746,-39.26,-55.59,False
5.0,6.5,t1,"t2,t3",5.0,3,5.0,103,2891,29.43618125216188,0.2755655482531998,12.70002115158637,-4.907381372549023,2.587942568031888,1.0790311754496271,74217.37999999999,43,2.7834659287443793,238.135,-28.526,-38.83,-49.475,False
6.0,8.5,t3,"t4,t5",7.000000000000001,3,5.0,103,2987,33.17710077000335,0.0891057917643122,12.772059535822397,-6.207891783567135,2.057390814967365,1.0785123744270422,89752.51000000002,44,3.171744224974891,217.954,-58.536,-43.75,-60.68,False
7.000000000000001,9.5,t2,"t3,t4",9.0,8,5.0,103,2492,27.046548956661315,0.8760854735152489,20.967186943620185,-6.572430693069308,3.190172391734809,1.0778154390843646,102710.21999999993,40,4.719903691813804,553.309,-50.746,-45.28,-63.41,False
7.000000000000001,9.5,t2,"t3,t4",5.0,8,5.0,103,2537,22.07331493890422,0.5044773354355538,19.977198214285718,-5.011316135558927,3.986417474749396,1.0759410231942217,77872.58000000006,41,3.7828143476547105,387.831,-50.746,-37.66,-56.71,False
5.0,6.5,t2,"t3,t4",7.000000000000001,3,5.0,103,2757,34.276387377584335,0.4489209285455206,12.432978835978833,-5.801043046357615,2.143231611388457,1.0736136731097061,79885.77000000005,44,3.2219804134929273,307.882,-88.741,-37.62,-49.665,False
7.000000000000001,9.5,t2,"t3,t4",9.0,10,5.0,103,2469,24.4228432563791,0.9037918185500199,23.79611608623548,-6.493888531618432,3.6643862872565998,1.0728570393474188,97203.20999999992,41,5.204536249493722,553.309,-50.746,-47.45,-63.765,False
7.000000000000001,8.5,t2,"t3,t4",5.0,3,5.0,103,1807,29.385722191477587,0.24824460431654677,13.299873822975517,-5.183115203761755,2.566000040539877,1.07254280082081,46997.850000000006,39,2.7897066961815162,189.166,-50.746,-25.43,-40.085,False
7.000000000000001,9.5,t2,"t3,t4",7.000000000000001,3,5.0,103,2566,32.813717848791896,0.28210405300077973,13.641815914489316,-6.242766821345706,2.1852195196277817,1.0692197418625677,74201.31999999998,45,3.1590023382696804,189.166,-50.746,-40.31,-60.114999999999995,False
5.0,7.5,t2,"t3,t4",9.0,5,5.0,103,3787,32.083443358859256,0.4762194349088989,15.01281069958848,-6.3907939346811835,2.3491307735832074,1.0691470225104278,122979.18000000002,40,4.010298389226301,316.751,-88.741,-56.52,-68.52,False
6.0,8.5,t2,"t3,t4",9.0,5,5.0,103,3095,32.14862681744749,0.5629357027463653,15.740096482412051,-6.6281476190476205,2.3747353539892493,1.068907844735586,101653.59000000005,40,3.9767366720516963,387.831,-57.303,-45.77,-61.405,False
7.000000000000001,9.5,t2,"t3,t4",9.0,3,5.0,103,2549,34.562573558258144,0.31449823460180504,13.930824063564136,-6.8773381294964,2.025612788153581,1.0672856648815792,79831.68999999993,45,3.4280109846998825,189.166,-50.746,-42.09,-60.379999999999995,False
5.0,7.5,t2,"t3,t4",9.0,3,5.0,103,3840,35.338541666666664,0.29907994791666676,12.785221812822403,-6.524800241643176,1.959480955634993,1.0633403465207263,102330.0,41,3.4536458333333333,307.882,-88.741,-52.35,-66.97,False
7.000000000000001,9.5,t2,"t3,t4",5.0,3,5.0,103,2581,28.361100348702053,0.14689616427741195,13.529240437158467,-5.151035694970252,2.626508771890116,1.0631332858519287,60298.45000000005,41,2.733436652460287,189.166,-50.746,-34.42,-50.040000000000006,False
7.000000000000001,9.5,t3,"t4,t5",7.000000000000001,3,5.0,103,2447,32.161830813240705,0.09025664078463427,13.83211054637865,-6.424706626506027,2.1529559792368325,1.0616384657761404,60653.93999999999,34,3.1254597466285245,217.954,-52.473,-42.02,-56.155,False
7.000000000000001,8.5,t2,"t3,t4",9.0,3,5.0,103,1796,35.57906458797328,0.3571425389755012,13.463701095461662,-6.881484010371651,1.9565112808762486,1.0603044113467337,48099.41999999996,42,3.4471046770601337,189.166,-50.746,-34.63,-48.105000000000004,False
5.0,6.5,t2,"t3,t4",7.000000000000001,5,5.0,103,2732,31.149341142020496,0.42294802342606164,14.024018801410106,-5.730433811802232,2.44728745885288,1.0591579184329354,61686.82999999999,45,3.734260614934114,316.751,-88.741,-39.41,-54.510000000000005,False
6.0,8.5,t3,"t4,t5",5.0,8,5.0,103,2962,22.923700202565833,0.1933919648885889,17.992030927835053,-5.100202365308804,3.5277092238958017,1.055376099469906,59180.46999999999,37,3.8298446995273463,375.401,-58.536,-42.35,-60.715,False
6.0,8.5,t2,"t3,t4",5.0,3,5.0,103,3165,28.941548183254344,0.09345687203791476,12.945016375545853,-5.140882169853271,2.5180535067418837,1.0546230504987835,58278.529999999984,39,2.762085308056872,203.03,-57.303,-41.71,-53.69,False
7.000000000000001,8.5,t2,"t3,t4",7.000000000000001,3,5.0,103,1801,33.75902276513048,0.2731471404775126,13.106932565789476,-6.267457669740151,2.091267824443542,1.0543806641518834,39375.100000000035,42,3.1904497501388116,189.166,-50.746,-31.13,-41.935,False
5.0,7.5,t1,"t2,t3",7.000000000000001,3,5.0,103,4062,33.357951747907435,0.29026120137863143,12.610076752767526,-5.876473217584045,2.1458579467417063,1.0542726716083826,80302.61000000003,41,3.203594288527819,238.135,-45.467,-49.4,-60.724999999999994,False
5.0,6.5,t2,"t3,t4",5.0,3,5.0,103,2775,30.52252252252252,0.347703783783784,12.246491145218414,-4.8796161825726125,2.5097242666249757,1.050430824686575,45534.08000000001,40,2.803243243243243,307.882,-41.413,-35.52,-45.685,False
6.0,8.5,t3,"t4,t5",5.0,5,5.0,103,2992,26.97192513368984,0.19481684491978626,14.690858736059482,-5.159098855835239,2.8475629458899148,1.0494053234775302,52437.579999999994,37,3.195855614973262,375.401,-58.536,-40.38,-58.095,False
6.0,7.5,t2,"t3,t4",9.0,5,5.0,103,2188,31.809872029250457,0.5807353747714811,15.970545977011493,-6.598425603217155,2.4203570574812314,1.0488991658970495,46777.88000000001,38,3.986745886654479,305.73,-57.303,-36.98,-53.495000000000005,False
6.0,8.5,t2,"t3,t4",7.000000000000001,3,5.0,103,3146,33.28035600762874,0.15265416401780044,12.84251193887297,-6.177160552644117,2.0790315921731657,1.0488599670197964,57392.87999999998,41,3.168467895740623,203.03,-57.303,-42.69,-56.245000000000005,False
5.0,7.5,t1,"t2,t3",5.0,3,5.0,103,4114,29.363150218765195,0.20662421001458456,12.678573675496693,-4.97786132140399,2.54699214318826,1.047966188958749,64010.67999999999,38,2.7729703451628587,238.135,-45.467,-48.2,-59.385000000000005,False
7.000000000000001,9.5,t3,"t4,t5",7.000000000000001,5,5.0,103,2430,29.259259259259256,0.07055432098765439,15.534019690576656,-6.325329261198369,2.4558436484670287,1.0453703585278278,47428.53999999999,31,3.5921810699588477,375.401,-52.473,-41.31,-57.41,False
5.0,7.5,t1,"t2,t3",9.0,3,5.0,103,4035,35.31598513011153,0.34147856257744735,12.688147368421047,-6.399518773946358,1.9826721065460229,1.0443862709055403,69403.42000000001,45,3.460718711276332,238.135,-45.467,-51.83,-64.15,False
5.0,7.5,t2,"t3,t4",5.0,3,5.0,103,3899,29.80251346499102,0.19232418568863824,12.437098106712561,-5.006224333211546,2.4843269655744793,1.0411856222494316,52707.13,40,2.791997948191844,307.882,-57.303,-47.88,-58.935,False
6.0,8.5,t2,"t3,t4",9.0,3,5.0,103,3132,34.993614303959134,0.17526085568326963,13.108840328467148,-6.787019646365426,1.9314575485997263,1.0408317239635454,52903.71000000007,42,3.4204980842911876,203.03,-57.303,-45.52,-61.785,False
7.000000000000001,8.5,t3,"t4,t5",5.0,10,5.0,103,1723,20.719674985490425,0.42472257690075477,22.495319327731085,-5.343361639824306,4.209956361566938,1.0395974082928332,26883.00999999999,40,4.276262333139872,373.938,-52.361,-33.62,-48.644999999999996,False
6.0,7.5,t2,"t3,t4",5.0,5,5.0,103,2210,26.42533936651584,0.3684769230769231,15.638513698630137,-5.115964329643296,3.0568066333098365,1.039143412926452,30908.169999999962,37,3.2298642533936652,305.73,-57.303,-33.93,-48.265,False
5.0,7.5,t2,"t3,t4",5.0,5,5.0,103,3849,27.175889841517275,0.3324014029618084,14.52948565965583,-4.965547270781307,2.926059277524445,1.0368322103722118,48362.35000000002,41,3.2668225513120293,316.751,-57.303,-48.98,-61.815,False
6.0,7.5,t3,"t4,t5",5.0,5,5.0,103,2139,26.554464703132304,0.11726086956521749,14.51138028169014,-5.086978357733929,2.852652254678444,1.035898013093327,27128.09999999999,35,3.1860682561944835,272.183,-58.536,-36.58,-46.715,False
6.0,7.5,t1,"t2,t3",9.0,3,5.0,103,2259,35.723771580345286,0.22099424524125721,12.460552664188349,-6.581570247933883,1.89324920874316,1.0350969013790334,32342.820000000018,45,3.4417884019477647,238.135,-45.467,-37.53,-46.535,False
7.000000000000001,8.5,t3,"t4,t5",5.0,3,5.0,103,1760,28.636363636363637,-0.03585852272727248,13.494097222222225,-5.465076433121019,2.469150685696075,1.0316797910344806,20196.710000000003,38,2.7198863636363635,210.619,-52.361,-30.85,-44.06,False
7.000000000000001,8.5,t3,"t4,t5",5.0,8,5.0,103,1741,22.515795519816198,0.2697392303273982,19.555140306122443,-5.334320978502595,3.665909941477086,1.0300554836679527,20035.02000000001,42,3.809879379666858,375.401,-52.361,-32.78,-45.745000000000005,False
6.0,7.5,t3,"t4,t5",9.0,3,5.0,103,2127,34.41466854724965,-0.10867606958157013,12.359021857923498,-6.650865949820786,1.8582575488920392,1.029065001385852,24044.38999999999,42,3.4193700047014572,217.954,-58.536,-37.65,-52.900000000000006,False
6.0,7.5,t3,"t4,t5",7.000000000000001,3,5.0,103,2137,32.52222742161909,-0.09182732802994831,12.378779856115106,-6.102279472954228,2.0285501362202125,1.0286088911369766,23024.199999999997,38,3.1628451099672437,217.954,-58.536,-36.33,-51.455,False
6.0,8.5,t3,"t4,t5",5.0,3,5.0,103,3018,29.22465208747515,-0.03805168986083485,12.544465986394556,-5.233641853932584,2.3968904133110644,1.028308117851513,29371.329999999998,41,2.7395626242544733,181.797,-58.536,-39.7,-55.54,False
5.0,7.5,t3,"t4,t5",5.0,10,5.0,103,3606,21.270105379922352,0.5992603993344429,20.865242503259456,-4.875909827404014,4.279251102223179,1.0270985930612924,35028.14000000001,42,4.342762063227953,431.15,-58.536,-50.04,-62.535,False
6.0,7.5,t2,"t3,t4",7.000000000000001,5,5.0,103,2199,30.05911778080946,0.5151650750341062,15.833049924357033,-6.068139141742521,2.609210097942881,1.0263238803810557,23368.010000000006,40,3.6916780354706686,305.73,-57.303,-37.21,-51.215,False
6.0,7.5,t1,"t2,t3",5.0,3,5.0,103,2279,29.39885914874945,0.05295173321632311,12.360099999999997,-5.0718396519577365,2.4370052778046687,1.025096557358484,19357.129999999997,40,2.749012724879333,238.135,-45.467,-32.34,-44.705,False
5.0,7.5,t2,"t3,t4",7.000000000000001,5,5.0,103,3816,30.60796645702306,0.4072169811320755,14.667437500000002,-5.8827896525679755,2.4932792716117804,1.0228037462116497,33228.039999999986,44,3.7392557651991614,316.751,-88.741,-53.01,-65.42,False
7.000000000000001,8.5,t3,"t4,t5",5.0,5,5.0,103,1754,26.339794754846068,0.15718586088939587,15.685848484848488,-5.395633126934984,2.9071377011429447,1.021680095027826,14242.410000000002,36,3.135689851767389,375.401,-52.361,-31.44,-43.69,False
5.0,7.5,t2,"t3,t4",7.000000000000001,3,5.0,103,3869,33.54872059963815,0.19544223313517733,12.405625577812017,-5.969014391287436,2.0783373543075494,1.0213264999268938,30230.50000000001,36,3.202894804859137,307.882,-88.741,-51.92,-64.535,False
6.0,7.5,t1,"t2,t3",7.000000000000001,3,5.0,103,2270,33.52422907488987,0.13006696035242313,12.270918528252295,-5.9926554009277675,2.0476596278759067,1.019660315687615,16995.42,43,3.176651982378855,238.135,-45.467,-34.89,-46.31,False
5.0,6.5,t2,"t3,t4",5.0,5,5.0,103,2752,27.72529069767442,0.20980232558139558,13.396184796854527,-4.848623931623931,2.762883858548253,1.0134306520790748,11889.659999999996,42,3.2561773255813953,316.751,-49.159,-38.02,-49.629999999999995,False
7.000000000000001,9.5,t3,"t4,t5",5.0,8,5.0,103,2424,21.864686468646866,0.27090057755775593,20.044843396226415,-5.26246251319958,3.8090235029606205,1.008044186560386,7508.820000000013,29,3.7508250825082508,460.876,-52.473,-38.99,-55.215,False
7.000000000000001,9.5,t3,"t4,t5",5.0,10,5.0,103,2396,20.075125208681136,0.370627712854758,22.853145530145532,-5.276417232375981,4.3311862052756425,1.0055657446056812,5229.58000000004,33,4.186560934891486,460.876,-52.473,-40.72,-56.385000000000005,False
5.0,7.5,t3,"t4,t5",5.0,8,5.0,103,3656,23.167396061269148,0.28275109409190385,17.465286894923253,-4.898312566749733,3.5655721550885664,1.0025183462167073,3184.2800000000025,40,3.8829321663019694,314.059,-58.536,-48.12,-61.629999999999995,False
6.0,7.5,t3,"t4,t5",5.0,8,5.0,103,2121,22.583686940122583,-0.030067892503536014,17.142252609603347,-5.039532886723509,3.4015558574414846,0.9981849938181622,-1395.9099999999999,31,3.7647336162187646,283.052,-58.536,-36.29,-49.105000000000004,False
6.0,7.5,t2,"t3,t4",9.0,3,5.0,103,2208,35.00905797101449,-0.062389492753623085,12.408816300129372,-6.780328222996514,1.8301202968379886,0.9944373962904792,-4996.789999999999,35,3.3994565217391304,203.03,-57.303,-36.57,-52.345,False
6.0,7.5,t3,"t4,t5",5.0,3,5.0,103,2150,28.511627906976745,-0.22580093023255793,12.08829363784665,-5.137017566688355,2.35317350601149,0.9802007761937973,-14434.310000000025,31,2.729767441860465,117.651,-58.536,-36.37,-46.894999999999996,False
7.000000000000001,9.5,t3,"t4,t5",5.0,3,5.0,103,2471,27.80250910562525,-0.1535779036827194,13.435745269286752,-5.3866860986547085,2.4942506437570673,0.9660869987315865,-29748.25,36,2.6819101578308375,210.619,-52.473,-36.6,-51.935,False
6.0,7.5,t2,"t3,t4",7.000000000000001,3,5.0,103,2219,32.94276701216764,-0.1602063992789543,12.120135430916555,-6.193089381720431,1.957041903301192,0.9645697873478586,-29387.1,37,3.1320414601171698,203.03,-57.303,-35.18,-50.43,False
7.000000000000001,9.5,t3,"t4,t5",5.0,5,5.0,103,2456,25.407166123778502,-0.11440187296416905,15.248447115384607,-5.347162663755458,2.851689405063883,0.9641886151818851,-33436.29999999999,32,3.0879478827361564,375.401,-52.473,-38.29,-54.815,False
6.0,7.5,t2,"t3,t4",5.0,3,5.0,103,2229,28.936742934051146,-0.18575504710632548,12.077190697674416,-5.179189393939393,2.3318689043901264,0.9613675776575396,-28783.34999999998,39,2.739793629430238,203.03,-57.303,-32.33,-49.445,False
