symbol,mode,signal,entry,exit,days_held,entry_px,exit_px,ret_pct,pnl_eur,reason
NVDA,复利,2010-04-13,2010-04-15,2010-04-16,1,0.4123,0.3956,-4.153,-415.33,t3 日内止损
NVDA,复利,2010-06-11,2010-06-15,2010-06-16,1,0.2729,0.2674,-2.1,-201.28,t3 日内止损
NVDA,复利,2010-08-25,2010-08-27,2010-08-30,1,0.2317,0.227,-2.1,-197.05,t3 日内止损
NVDA,复利,2010-09-23,2010-09-27,2010-09-28,1,0.2747,0.2692,-2.1,-192.91,t3 日内止损
NVDA,复利,2010-11-02,2010-11-04,2010-11-11,5,0.2839,0.2887,1.594,143.31,收盘价低于 SMA5
NVDA,复利,2011-02-01,2011-02-03,2011-02-07,2,0.5746,0.5631,-2.1,-191.87,t4 日内止损
NVDA,复利,2011-02-24,2011-02-28,2011-03-01,1,0.5188,0.5084,-2.1,-187.84,t3 日内止损
NVDA,复利,2011-03-23,2011-03-25,2011-03-30,3,0.4265,0.4224,-1.066,-93.37,收盘价低于入场价
NVDA,复利,2011-04-13,2011-04-15,2011-04-18,1,0.4283,0.4183,-2.452,-212.4,t3 日内止损
NVDA,复利,2011-05-09,2011-05-11,2011-05-13,2,0.4549,0.4395,-3.472,-293.42,t4 日内止损
NVDA,复利,2011-05-18,2011-05-20,2011-05-23,1,0.4141,0.4059,-2.1,-171.31,t3 日内止损
NVDA,复利,2011-06-21,2011-06-23,2011-06-24,1,0.3711,0.3637,-2.1,-167.72,t3 日内止损
NVDA,复利,2011-09-06,2011-09-08,2011-09-09,1,0.3246,0.3181,-2.1,-164.19,t3 日内止损
NVDA,复利,2011-09-12,2011-09-14,2011-09-19,3,0.3498,0.3466,-1.016,-77.79,收盘价低于入场价
NVDA,复利,2011-09-23,2011-09-27,2011-09-28,1,0.3168,0.3105,-2.1,-159.11,t3 日内止损
NVDA,复利,2012-03-28,2012-03-30,2012-04-03,2,0.3526,0.3455,-2.1,-155.77,t4 日内止损
NVDA,复利,2012-05-25,2012-05-30,2012-05-31,1,0.2878,0.282,-2.1,-152.5,t3 日内止损
NVDA,复利,2012-06-15,2012-06-19,2012-06-21,2,0.3031,0.297,-2.1,-149.3,t4 日内止损
NVDA,复利,2012-08-03,2012-08-07,2012-08-14,5,0.3239,0.334,3.01,209.47,收盘价低于 SMA5
NVDA,复利,2013-06-13,2013-06-17,2013-06-20,3,0.3376,0.3364,-0.445,-31.91,收盘价低于入场价
NVDA,复利,2013-09-10,2013-09-12,2013-09-20,6,0.3677,0.3698,0.473,33.78,收盘价低于 SMA5
NVDA,复利,2013-11-25,2013-11-27,2013-12-05,5,0.3696,0.3696,-0.1,-7.17,收盘价低于 SMA5
NVDA,复利,2013-12-20,2013-12-24,2014-01-03,6,0.3725,0.3689,-1.048,-75.09,收盘价低于入场价
NVDA,复利,2014-02-11,2014-02-13,2014-02-27,9,0.4087,0.4375,6.948,492.56,收盘价低于 SMA5
NVDA,复利,2014-03-18,2014-03-20,2014-03-24,2,0.4392,0.4304,-2.1,-159.22,t4 日内止损
NVDA,复利,2014-10-14,2014-10-16,2014-11-07,16,0.4164,0.4723,13.31,987.92,收盘价低于 SMA5
NVDA,复利,2014-11-18,2014-11-20,2014-12-01,6,0.4875,0.4932,1.08,90.83,收盘价低于 SMA5
NVDA,复利,2015-02-02,2015-02-04,2015-02-19,10,0.4831,0.5316,9.92,843.32,收盘价低于 SMA5
NVDA,复利,2015-04-09,2015-04-13,2015-04-16,3,0.5425,0.5411,-0.366,-34.21,收盘价低于入场价
NVDA,复利,2015-07-28,2015-07-30,2015-08-13,10,0.4839,0.5685,17.383,1618.39,收盘价低于 SMA5
NVDA,复利,2015-10-30,2015-11-03,2015-11-04,1,0.6917,0.6779,-2.1,-229.5,t3 日内止损
NVDA,复利,2015-11-16,2015-11-18,2015-11-23,3,0.756,0.7533,-0.454,-48.63,收盘价低于入场价
NVDA,复利,2015-12-21,2015-12-23,2015-12-28,2,0.8054,0.7893,-2.1,-223.66,t4 日内止损
NVDA,复利,2016-01-22,2016-01-26,2016-01-27,1,0.6992,0.6852,-2.1,-218.97,t3 日内止损
NVDA,复利,2016-02-17,2016-02-19,2016-02-26,5,0.7416,0.7718,3.974,405.63,收盘价低于 SMA5
NVDA,复利,2016-05-24,2016-05-26,2016-06-03,5,1.1191,1.1395,1.718,182.36,收盘价低于 SMA5
NVDA,复利,2016-07-11,2016-07-13,2016-07-21,6,1.2939,1.3047,0.734,79.21,收盘价低于 SMA5
NVDA,复利,2016-08-11,2016-08-15,2016-08-17,2,1.544,1.5131,-2.1,-228.38,t4 日内止损
NVDA,复利,2016-12-15,2016-12-19,2016-12-28,6,2.4998,2.6872,7.398,787.63,收盘价低于 SMA5
NVDA,复利,2017-01-24,2017-01-26,2017-01-31,3,2.6971,2.6855,-0.529,-60.45,收盘价低于入场价
NVDA,复利,2017-05-19,2017-05-23,2017-06-02,7,3.3783,3.5413,4.724,537.28,收盘价低于 SMA5
NVDA,复利,2017-07-07,2017-07-11,2017-07-24,9,3.8431,4.0963,6.488,772.86,收盘价低于 SMA5
NVDA,复利,2017-08-22,2017-08-24,2017-08-29,3,4.0762,4.0641,-0.397,-50.31,收盘价低于入场价
NVDA,复利,2017-09-27,2017-09-29,2017-10-20,15,4.4113,4.8587,10.042,1268.64,收盘价低于 SMA5
NVDA,复利,2018-01-17,2018-01-19,2018-02-01,9,5.6821,5.9386,4.415,613.83,收盘价低于 SMA5
NVDA,复利,2018-02-13,2018-02-15,2018-02-21,3,6.0868,5.9636,-2.124,-308.38,收盘价低于入场价
NVDA,复利,2018-05-23,2018-05-25,2018-06-07,8,6.1631,6.4998,5.364,762.08,收盘价低于 SMA5
NVDA,复利,2018-06-28,2018-07-02,2018-07-03,1,5.989,5.8692,-2.1,-314.37,t3 日内止损
NVDA,复利,2018-07-05,2018-07-09,2018-07-13,4,6.1623,6.1641,-0.072,-10.54,收盘价低于 SMA5
NVDA,复利,2018-08-21,2018-08-23,2018-09-05,8,6.5972,6.8873,4.297,629.26,收盘价低于 SMA5
NVDA,复利,2019-01-11,2019-01-15,2019-01-17,2,3.7111,3.6368,-2.1,-320.76,t4 日内止损
NVDA,复利,2019-06-27,2019-07-01,2019-07-02,1,4.1236,4.0411,-2.1,-314.03,t3 日内止损
NVDA,复利,2020-02-18,2020-02-20,2020-02-21,1,7.6738,7.5203,-2.1,-307.43,t3 日内止损
NVDA,复利,2020-02-26,2020-02-28,2020-03-02,1,6.7176,6.5832,-2.1,-300.98,t3 日内止损
NVDA,复利,2020-05-07,2020-05-11,2020-05-12,1,8.0246,7.8642,-2.1,-294.66,t3 日内止损
NVDA,复利,2020-07-06,2020-07-08,2020-07-13,3,10.1689,10.0059,-1.703,-233.91,收盘价低于入场价
NVDA,复利,2020-07-27,2020-07-29,2020-08-07,7,10.4172,11.1479,6.914,933.51,收盘价低于 SMA5
NVDA,复利,2020-11-25,2020-11-30,2020-12-03,3,13.3437,13.3422,-0.112,-16.1,收盘价低于入场价
NVDA,复利,2021-02-02,2021-02-04,2021-02-17,8,13.6093,14.8461,8.988,1296.01,收盘价低于 SMA5
NVDA,复利,2021-03-26,2021-03-30,2021-04-19,13,12.8244,15.3053,19.245,3024.5,收盘价低于 SMA5
NVDA,复利,2021-06-22,2021-06-24,2021-07-08,9,19.1393,19.8341,3.53,661.63,收盘价低于 SMA5
NVDA,复利,2021-08-04,2021-08-06,2021-08-10,2,20.2958,19.8899,-2.1,-407.45,t4 日内止损
NVDA,复利,2021-10-28,2021-11-01,2021-11-10,7,25.7425,29.3626,13.963,2652.2,收盘价低于 SMA5
NVDA,复利,2022-01-26,2022-01-28,2022-02-03,4,22.7681,23.8726,4.751,1028.47,收盘价低于 SMA5
NVDA,复利,2022-07-18,2022-07-20,2022-07-22,2,17.7577,17.4025,-2.1,-476.18,t4 日内止损
NVDA,复利,2022-09-08,2022-09-12,2022-09-13,1,14.4691,13.7679,-4.947,-1098.11,t3 日内止损
NVDA,复利,2022-10-21,2022-10-25,2022-10-26,1,13.2282,12.8372,-3.056,-644.86,t3 日内止损
NVDA,复利,2022-10-27,2022-10-31,2022-11-02,2,13.4636,13.1944,-2.1,-429.58,t4 日内止损
NVDA,复利,2022-11-08,2022-11-10,2022-11-16,4,15.7111,15.8707,0.916,183.42,收盘价低于 SMA5
NVDA,复利,2023-01-13,2023-01-18,2023-01-19,1,17.3385,16.9917,-2.1,-424.41,t3 日内止损
NVDA,复利,2023-02-13,2023-02-15,2023-02-16,1,22.7135,22.0839,-2.872,-568.23,t3 日内止损
NVDA,复利,2023-03-29,2023-03-31,2023-04-05,3,27.7201,26.826,-3.326,-639.11,收盘价低于入场价
NVDA,复利,2023-05-15,2023-05-17,2023-05-23,4,30.1162,30.6252,1.59,295.39,收盘价低于 SMA5
NVDA,复利,2023-07-17,2023-07-19,2023-07-20,1,46.9855,46.0458,-2.1,-396.35,t3 日内止损
NVDA,复利,2023-07-25,2023-07-27,2023-08-02,4,45.8108,44.1829,-3.653,-675.05,收盘价低于入场价
NVDA,复利,2023-10-06,2023-10-10,2023-10-13,3,45.7127,45.3764,-0.836,-148.8,收盘价低于入场价
NVDA,复利,2023-12-05,2023-12-07,2023-12-20,9,46.5133,48.0256,3.151,556.33,收盘价低于 SMA5
NVDA,复利,2024-01-05,2024-01-09,2024-01-31,15,53.0457,61.4178,15.683,2855.82,收盘价低于 SMA5
NVDA,复利,2024-02-01,2024-02-05,2024-02-06,1,69.209,67.8248,-2.1,-442.38,t3 日内止损
NVDA,复利,2024-05-20,2024-05-22,2024-05-31,6,94.786,109.4436,15.364,3168.55,收盘价低于 SMA5
NVDA,复利,2024-10-07,2024-10-09,2024-10-15,4,132.4431,131.3947,-0.892,-212.12,收盘价低于入场价
NVDA,复利,2024-11-29,2024-12-03,2024-12-09,4,140.0412,138.603,-1.127,-265.74,收盘价低于入场价
NVDA,复利,2025-01-21,2025-01-23,2025-01-24,1,147.0005,144.0604,-2.1,-489.59,t3 日内止损
NVDA,复利,2025-04-22,2025-04-24,2025-05-20,18,106.281,134.1919,26.161,5971.18,收盘价低于 SMA5
NVDA,复利,2025-07-23,2025-07-25,2025-08-01,5,173.2692,173.4889,0.027,7.72,收盘价低于 SMA5
NVDA,复利,2025-09-29,2025-10-01,2025-10-06,3,187.0015,185.3036,-1.008,-290.32,收盘价低于入场价
NVDA,复利,2025-10-24,2025-10-28,2025-11-04,5,200.7739,198.4369,-1.264,-360.41,收盘价低于入场价
NVDA,复利,2025-12-04,2025-12-08,2025-12-11,3,185.324,180.7096,-2.59,-729.13,收盘价低于入场价
NVDA,复利,2026-02-09,2026-02-11,2026-02-13,2,189.8185,186.0221,-2.1,-575.89,t4 日内止损
NVDA,复利,2026-04-08,2026-04-10,2026-04-21,7,188.4104,199.6473,5.864,1574.36,收盘价低于 SMA5
NVDA,复利,2026-06-11,2026-06-15,2026-06-16,1,212.45,208.201,-2.1,-596.86,t3 日内止损
NVDA,固定仓位,2010-04-13,2010-04-15,2010-04-16,1,0.4123,0.3956,-4.153,-415.33,t3 日内止损
NVDA,固定仓位,2010-06-11,2010-06-15,2010-06-16,1,0.2729,0.2674,-2.1,-210.0,t3 日内止损
NVDA,固定仓位,2010-08-25,2010-08-27,2010-08-30,1,0.2317,0.227,-2.1,-210.0,t3 日内止损
NVDA,固定仓位,2010-09-23,2010-09-27,2010-09-28,1,0.2747,0.2692,-2.1,-210.0,t3 日内止损
NVDA,固定仓位,2010-11-02,2010-11-04,2010-11-11,5,0.2839,0.2887,1.594,159.35,收盘价低于 SMA5
NVDA,固定仓位,2011-02-01,2011-02-03,2011-02-07,2,0.5746,0.5631,-2.1,-210.0,t4 日内止损
NVDA,固定仓位,2011-02-24,2011-02-28,2011-03-01,1,0.5188,0.5084,-2.1,-210.0,t3 日内止损
NVDA,固定仓位,2011-03-23,2011-03-25,2011-03-30,3,0.4265,0.4224,-1.066,-106.62,收盘价低于入场价
NVDA,固定仓位,2011-04-13,2011-04-15,2011-04-18,1,0.4283,0.4183,-2.452,-245.16,t3 日内止损
NVDA,固定仓位,2011-05-09,2011-05-11,2011-05-13,2,0.4549,0.4395,-3.472,-347.19,t4 日内止损
NVDA,固定仓位,2011-05-18,2011-05-20,2011-05-23,1,0.4141,0.4059,-2.1,-210.0,t3 日内止损
NVDA,固定仓位,2011-06-21,2011-06-23,2011-06-24,1,0.3711,0.3637,-2.1,-210.0,t3 日内止损
NVDA,固定仓位,2011-09-06,2011-09-08,2011-09-09,1,0.3246,0.3181,-2.1,-210.0,t3 日内止损
NVDA,固定仓位,2011-09-12,2011-09-14,2011-09-19,3,0.3498,0.3466,-1.016,-101.63,收盘价低于入场价
NVDA,固定仓位,2011-09-23,2011-09-27,2011-09-28,1,0.3168,0.3105,-2.1,-210.0,t3 日内止损
NVDA,固定仓位,2012-03-28,2012-03-30,2012-04-03,2,0.3526,0.3455,-2.1,-210.0,t4 日内止损
NVDA,固定仓位,2012-05-25,2012-05-30,2012-05-31,1,0.2878,0.282,-2.1,-210.0,t3 日内止损
NVDA,固定仓位,2012-06-15,2012-06-19,2012-06-21,2,0.3031,0.297,-2.1,-210.0,t4 日内止损
NVDA,固定仓位,2012-08-03,2012-08-07,2012-08-14,5,0.3239,0.334,3.01,300.96,收盘价低于 SMA5
NVDA,固定仓位,2013-06-13,2013-06-17,2013-06-20,3,0.3376,0.3364,-0.445,-44.5,收盘价低于入场价
NVDA,固定仓位,2013-09-10,2013-09-12,2013-09-20,6,0.3677,0.3698,0.473,47.32,收盘价低于 SMA5
NVDA,固定仓位,2013-11-25,2013-11-27,2013-12-05,5,0.3696,0.3696,-0.1,-10.0,收盘价低于 SMA5
NVDA,固定仓位,2013-12-20,2013-12-24,2014-01-03,6,0.3725,0.3689,-1.048,-104.82,收盘价低于入场价
NVDA,固定仓位,2014-02-11,2014-02-13,2014-02-27,9,0.4087,0.4375,6.948,694.8,收盘价低于 SMA5
NVDA,固定仓位,2014-03-18,2014-03-20,2014-03-24,2,0.4392,0.4304,-2.1,-210.0,t4 日内止损
NVDA,固定仓位,2014-10-14,2014-10-16,2014-11-07,16,0.4164,0.4723,13.31,1330.97,收盘价低于 SMA5
NVDA,固定仓位,2014-11-18,2014-11-20,2014-12-01,6,0.4875,0.4932,1.08,108.0,收盘价低于 SMA5
NVDA,固定仓位,2015-02-02,2015-02-04,2015-02-19,10,0.4831,0.5316,9.92,991.98,收盘价低于 SMA5
NVDA,固定仓位,2015-04-09,2015-04-13,2015-04-16,3,0.5425,0.5411,-0.366,-36.61,收盘价低于入场价
NVDA,固定仓位,2015-07-28,2015-07-30,2015-08-13,10,0.4839,0.5685,17.383,1738.26,收盘价低于 SMA5
NVDA,固定仓位,2015-10-30,2015-11-03,2015-11-04,1,0.6917,0.6779,-2.1,-210.0,t3 日内止损
NVDA,固定仓位,2015-11-16,2015-11-18,2015-11-23,3,0.756,0.7533,-0.454,-45.45,收盘价低于入场价
NVDA,固定仓位,2015-12-21,2015-12-23,2015-12-28,2,0.8054,0.7893,-2.1,-210.0,t4 日内止损
NVDA,固定仓位,2016-01-22,2016-01-26,2016-01-27,1,0.6992,0.6852,-2.1,-210.0,t3 日内止损
NVDA,固定仓位,2016-02-17,2016-02-19,2016-02-26,5,0.7416,0.7718,3.974,397.36,收盘价低于 SMA5
NVDA,固定仓位,2016-05-24,2016-05-26,2016-06-03,5,1.1191,1.1395,1.718,171.82,收盘价低于 SMA5
NVDA,固定仓位,2016-07-11,2016-07-13,2016-07-21,6,1.2939,1.3047,0.734,73.37,收盘价低于 SMA5
NVDA,固定仓位,2016-08-11,2016-08-15,2016-08-17,2,1.544,1.5131,-2.1,-210.0,t4 日内止损
NVDA,固定仓位,2016-12-15,2016-12-19,2016-12-28,6,2.4998,2.6872,7.398,739.78,收盘价低于 SMA5
NVDA,固定仓位,2017-01-24,2017-01-26,2017-01-31,3,2.6971,2.6855,-0.529,-52.87,收盘价低于入场价
NVDA,固定仓位,2017-05-19,2017-05-23,2017-06-02,7,3.3783,3.5413,4.724,472.38,收盘价低于 SMA5
NVDA,固定仓位,2017-07-07,2017-07-11,2017-07-24,9,3.8431,4.0963,6.488,648.84,收盘价低于 SMA5
NVDA,固定仓位,2017-08-22,2017-08-24,2017-08-29,3,4.0762,4.0641,-0.397,-39.66,收盘价低于入场价
NVDA,固定仓位,2017-09-27,2017-09-29,2017-10-20,15,4.4113,4.8587,10.042,1004.15,收盘价低于 SMA5
NVDA,固定仓位,2018-01-17,2018-01-19,2018-02-01,9,5.6821,5.9386,4.415,441.53,收盘价低于 SMA5
NVDA,固定仓位,2018-02-13,2018-02-15,2018-02-21,3,6.0868,5.9636,-2.124,-212.44,收盘价低于入场价
NVDA,固定仓位,2018-05-23,2018-05-25,2018-06-07,8,6.1631,6.4998,5.364,536.37,收盘价低于 SMA5
NVDA,固定仓位,2018-06-28,2018-07-02,2018-07-03,1,5.989,5.8692,-2.1,-210.0,t3 日内止损
NVDA,固定仓位,2018-07-05,2018-07-09,2018-07-13,4,6.1623,6.1641,-0.072,-7.19,收盘价低于 SMA5
NVDA,固定仓位,2018-08-21,2018-08-23,2018-09-05,8,6.5972,6.8873,4.297,429.67,收盘价低于 SMA5
NVDA,固定仓位,2019-01-11,2019-01-15,2019-01-17,2,3.7111,3.6368,-2.1,-210.0,t4 日内止损
NVDA,固定仓位,2019-06-27,2019-07-01,2019-07-02,1,4.1236,4.0411,-2.1,-210.0,t3 日内止损
NVDA,固定仓位,2020-02-18,2020-02-20,2020-02-21,1,7.6738,7.5203,-2.1,-210.0,t3 日内止损
NVDA,固定仓位,2020-02-26,2020-02-28,2020-03-02,1,6.7176,6.5832,-2.1,-210.0,t3 日内止损
NVDA,固定仓位,2020-05-07,2020-05-11,2020-05-12,1,8.0246,7.8642,-2.1,-210.0,t3 日内止损
NVDA,固定仓位,2020-07-06,2020-07-08,2020-07-13,3,10.1689,10.0059,-1.703,-170.29,收盘价低于入场价
NVDA,固定仓位,2020-07-27,2020-07-29,2020-08-07,7,10.4172,11.1479,6.914,691.35,收盘价低于 SMA5
NVDA,固定仓位,2020-11-25,2020-11-30,2020-12-03,3,13.3437,13.3422,-0.112,-11.15,收盘价低于入场价
NVDA,固定仓位,2021-02-02,2021-02-04,2021-02-17,8,13.6093,14.8461,8.988,898.76,收盘价低于 SMA5
NVDA,固定仓位,2021-03-26,2021-03-30,2021-04-19,13,12.8244,15.3053,19.245,1924.47,收盘价低于 SMA5
NVDA,固定仓位,2021-06-22,2021-06-24,2021-07-08,9,19.1393,19.8341,3.53,353.05,收盘价低于 SMA5
NVDA,固定仓位,2021-08-04,2021-08-06,2021-08-10,2,20.2958,19.8899,-2.1,-210.0,t4 日内止损
NVDA,固定仓位,2021-10-28,2021-11-01,2021-11-10,7,25.7425,29.3626,13.963,1396.28,收盘价低于 SMA5
NVDA,固定仓位,2022-01-26,2022-01-28,2022-02-03,4,22.7681,23.8726,4.751,475.11,收盘价低于 SMA5
NVDA,固定仓位,2022-07-18,2022-07-20,2022-07-22,2,17.7577,17.4025,-2.1,-210.0,t4 日内止损
NVDA,固定仓位,2022-09-08,2022-09-12,2022-09-13,1,14.4691,13.7679,-4.947,-494.66,t3 日内止损
NVDA,固定仓位,2022-10-21,2022-10-25,2022-10-26,1,13.2282,12.8372,-3.056,-305.6,t3 日内止损
NVDA,固定仓位,2022-10-27,2022-10-31,2022-11-02,2,13.4636,13.1944,-2.1,-210.0,t4 日内止损
NVDA,固定仓位,2022-11-08,2022-11-10,2022-11-16,4,15.7111,15.8707,0.916,91.59,收盘价低于 SMA5
NVDA,固定仓位,2023-01-13,2023-01-18,2023-01-19,1,17.3385,16.9917,-2.1,-210.0,t3 日内止损
NVDA,固定仓位,2023-02-13,2023-02-15,2023-02-16,1,22.7135,22.0839,-2.872,-287.19,t3 日内止损
NVDA,固定仓位,2023-03-29,2023-03-31,2023-04-05,3,27.7201,26.826,-3.326,-332.57,收盘价低于入场价
NVDA,固定仓位,2023-05-15,2023-05-17,2023-05-23,4,30.1162,30.6252,1.59,159.0,收盘价低于 SMA5
NVDA,固定仓位,2023-07-17,2023-07-19,2023-07-20,1,46.9855,46.0458,-2.1,-210.0,t3 日内止损
NVDA,固定仓位,2023-07-25,2023-07-27,2023-08-02,4,45.8108,44.1829,-3.653,-365.34,收盘价低于入场价
NVDA,固定仓位,2023-10-06,2023-10-10,2023-10-13,3,45.7127,45.3764,-0.836,-83.58,收盘价低于入场价
NVDA,固定仓位,2023-12-05,2023-12-07,2023-12-20,9,46.5133,48.0256,3.151,315.14,收盘价低于 SMA5
NVDA,固定仓位,2024-01-05,2024-01-09,2024-01-31,15,53.0457,61.4178,15.683,1568.28,收盘价低于 SMA5
NVDA,固定仓位,2024-02-01,2024-02-05,2024-02-06,1,69.209,67.8248,-2.1,-210.0,t3 日内止损
NVDA,固定仓位,2024-05-20,2024-05-22,2024-05-31,6,94.786,109.4436,15.364,1536.4,收盘价低于 SMA5
NVDA,固定仓位,2024-10-07,2024-10-09,2024-10-15,4,132.4431,131.3947,-0.892,-89.16,收盘价低于入场价
NVDA,固定仓位,2024-11-29,2024-12-03,2024-12-09,4,140.0412,138.603,-1.127,-112.7,收盘价低于入场价
NVDA,固定仓位,2025-01-21,2025-01-23,2025-01-24,1,147.0005,144.0604,-2.1,-210.0,t3 日内止损
NVDA,固定仓位,2025-04-22,2025-04-24,2025-05-20,18,106.281,134.1919,26.161,2616.14,收盘价低于 SMA5
NVDA,固定仓位,2025-07-23,2025-07-25,2025-08-01,5,173.2692,173.4889,0.027,2.68,收盘价低于 SMA5
NVDA,固定仓位,2025-09-29,2025-10-01,2025-10-06,3,187.0015,185.3036,-1.008,-100.79,收盘价低于入场价
NVDA,固定仓位,2025-10-24,2025-10-28,2025-11-04,5,200.7739,198.4369,-1.264,-126.4,收盘价低于入场价
NVDA,固定仓位,2025-12-04,2025-12-08,2025-12-11,3,185.324,180.7096,-2.59,-258.99,收盘价低于入场价
NVDA,固定仓位,2026-02-09,2026-02-11,2026-02-13,2,189.8185,186.0221,-2.1,-210.0,t4 日内止损
NVDA,固定仓位,2026-04-08,2026-04-10,2026-04-21,7,188.4104,199.6473,5.864,586.41,收盘价低于 SMA5
NVDA,固定仓位,2026-06-11,2026-06-15,2026-06-16,1,212.45,208.201,-2.1,-210.0,t3 日内止损
TESLA,复利,2010-09-27,2010-09-29,2010-09-30,1,1.4653,1.436,-2.1,-210.0,t3 日内止损
TESLA,复利,2010-11-03,2010-11-05,2010-11-17,8,1.6293,1.966,20.563,2013.1,收盘价低于 SMA5
TESLA,复利,2011-03-28,2011-03-30,2011-04-06,5,1.5807,1.766,11.625,1372.11,收盘价低于 SMA5
TESLA,复利,2011-04-20,2011-04-25,2011-05-03,6,1.7593,1.7913,1.719,226.46,收盘价低于 SMA5
TESLA,复利,2011-06-28,2011-06-30,2011-07-06,3,1.942,1.9307,-0.684,-91.61,收盘价低于入场价
TESLA,复利,2011-07-19,2011-07-21,2011-07-26,3,1.9133,1.8667,-2.539,-337.94,收盘价低于入场价
TESLA,复利,2011-12-02,2011-12-06,2011-12-07,1,2.3247,2.2782,-2.1,-272.41,t3 日内止损
TESLA,复利,2011-12-27,2011-12-29,2012-01-03,2,1.9153,1.877,-2.1,-266.69,t4 日内止损
TESLA,复利,2012-01-24,2012-01-26,2012-02-10,11,1.9293,2.0733,7.364,915.53,收盘价低于 SMA5
TESLA,复利,2012-11-12,2012-11-14,2012-11-15,1,2.092,2.0502,-2.1,-280.32,t3 日内止损
TESLA,复利,2013-01-23,2013-01-25,2013-01-31,4,2.4653,2.5007,1.333,174.23,收盘价低于 SMA5
TESLA,复利,2013-03-20,2013-03-22,2013-04-05,9,2.4413,2.758,12.871,1704.45,收盘价低于 SMA5
TESLA,复利,2013-06-04,2013-06-06,2013-06-11,3,6.49,6.298,-3.058,-457.14,收盘价低于入场价
TESLA,复利,2013-06-14,2013-06-18,2013-06-20,2,6.8927,6.7548,-2.1,-304.29,t4 日内止损
TESLA,复利,2013-08-19,2013-08-21,2013-09-06,11,9.8573,11.1313,12.824,1819.2,收盘价低于 SMA5
TESLA,复利,2013-10-10,2013-10-14,2013-10-21,5,11.9813,11.5067,-4.062,-650.06,收盘价低于入场价
TESLA,复利,2014-02-06,2014-02-10,2014-02-19,6,13.104,12.9093,-1.586,-243.46,收盘价低于入场价
TESLA,复利,2014-03-03,2014-03-05,2014-03-07,2,16.844,16.5071,-2.1,-317.33,t4 日内止损
TESLA,复利,2014-03-28,2014-04-01,2014-04-04,3,14.4647,14.1487,-2.285,-337.98,收盘价低于入场价
TESLA,复利,2014-05-09,2014-05-13,2014-05-15,2,12.6773,12.4238,-2.1,-303.57,t4 日内止损
TESLA,复利,2014-05-19,2014-05-21,2014-05-30,6,13.2967,13.8513,4.071,576.2,收盘价低于 SMA5
TESLA,复利,2014-08-04,2014-08-06,2014-08-18,8,16.5953,17.3293,4.323,636.7,收盘价低于 SMA5
TESLA,复利,2014-08-25,2014-08-27,2014-09-05,6,17.55,18.4927,5.271,809.95,收盘价低于 SMA5
TESLA,复利,2015-01-21,2015-01-23,2015-01-28,3,13.4193,13.2913,-1.054,-170.46,收盘价低于入场价
TESLA,复利,2015-04-08,2015-04-10,2015-04-14,2,14.06,13.7788,-2.1,-336.1,t4 日内止损
TESLA,复利,2015-04-21,2015-04-23,2015-04-30,5,14.5733,15.07,3.308,518.32,收盘价低于 SMA5
TESLA,复利,2015-06-30,2015-07-02,2015-07-07,2,18.668,18.2946,-2.1,-339.92,t4 日内止损
TESLA,复利,2015-08-26,2015-08-28,2015-09-01,2,16.5653,16.0227,-3.376,-534.98,t4 日内止损
TESLA,复利,2015-10-15,2015-10-19,2015-10-20,1,15.2067,14.9025,-2.1,-321.55,t3 日内止损
TESLA,复利,2016-03-07,2016-03-09,2016-03-10,1,13.9147,13.6364,-2.1,-314.8,t3 日内止损
TESLA,复利,2016-03-17,2016-03-21,2016-03-22,1,15.888,15.5702,-2.1,-308.19,t3 日内止损
TESLA,复利,2016-03-24,2016-03-29,2016-03-31,2,15.342,15.0352,-2.1,-301.72,t4 日内止损
TESLA,复利,2016-09-15,2016-09-19,2016-09-21,2,13.756,13.4809,-2.1,-295.38,t4 日内止损
TESLA,复利,2016-10-10,2016-10-12,2016-10-13,1,13.434,13.1653,-2.1,-289.18,t3 日内止损
TESLA,复利,2016-12-16,2016-12-20,2016-12-29,6,13.9193,14.312,2.721,366.83,收盘价低于 SMA5
TESLA,复利,2017-01-19,2017-01-23,2017-01-30,5,16.5947,16.7087,0.587,81.28,收盘价低于 SMA5
TESLA,复利,2017-05-24,2017-05-26,2017-06-09,9,21.676,23.8213,9.797,1364.69,收盘价低于 SMA5
TESLA,复利,2018-01-17,2018-01-19,2018-01-24,3,23.3347,23.0593,-1.28,-195.75,收盘价低于入场价
TESLA,复利,2018-10-31,2018-11-02,2018-11-05,1,23.094,22.6321,-2.1,-317.06,t3 日内止损
TESLA,复利,2018-11-07,2018-11-09,2018-11-12,1,23.3673,22.9,-2.1,-310.4,t3 日内止损
TESLA,复利,2018-11-13,2018-11-15,2018-11-20,3,23.2293,23.166,-0.373,-53.92,收盘价低于入场价
TESLA,复利,2018-12-03,2018-12-06,2018-12-10,2,24.204,23.7199,-2.1,-302.75,t4 日内止损
TESLA,复利,2019-06-13,2019-06-17,2019-06-20,3,15.002,14.6413,-2.504,-353.43,收盘价低于入场价
TESLA,复利,2019-09-25,2019-09-27,2019-09-30,1,16.142,15.8192,-2.1,-288.97,t3 日内止损
TESLA,复利,2019-11-11,2019-11-13,2019-11-20,5,23.074,23.4813,1.665,224.35,收盘价低于 SMA5
TESLA,复利,2020-01-29,2020-01-31,2020-02-05,3,43.3713,48.98,12.832,1757.44,收盘价低于 SMA5
TESLA,复利,2020-04-16,2020-04-20,2020-04-21,1,49.7573,48.6747,-2.276,-351.7,t3 日内止损
TESLA,复利,2020-06-05,2020-06-09,2020-06-12,3,62.7113,62.352,-0.673,-101.63,收盘价低于入场价
TESLA,复利,2020-07-09,2020-07-13,2020-07-14,1,99.804,97.8079,-2.1,-315.0,t3 日内止损
TESLA,复利,2020-12-24,2020-12-29,2021-01-14,11,221.9967,281.6667,26.779,3932.49,收盘价低于 SMA5
TESLA,复利,2021-01-19,2021-01-21,2021-01-28,5,281.6633,278.4767,-1.231,-229.25,收盘价低于入场价
TESLA,复利,2021-05-26,2021-05-28,2021-06-02,2,208.4067,204.2385,-2.1,-386.16,t4 日内止损
TESLA,复利,2022-01-28,2022-02-01,2022-02-02,1,310.4167,304.2083,-2.1,-378.05,t3 日内止损
TESLA,复利,2022-03-08,2022-03-10,2022-03-11,1,279.4333,273.8447,-2.1,-370.11,t3 日内止损
TESLA,复利,2022-07-19,2022-07-21,2022-07-26,3,271.7067,258.86,-4.828,-833.05,收盘价低于入场价
TESLA,复利,2022-07-28,2022-08-01,2022-08-05,4,297.2767,288.17,-3.163,-519.46,收盘价低于入场价
TESLA,复利,2023-01-06,2023-01-10,2023-02-10,22,118.85,196.89,65.563,10425.47,收盘价低于 SMA5
TESLA,复利,2023-03-29,2023-03-31,2023-04-03,1,207.46,199.91,-3.739,-984.43,t3 日内止损
TESLA,复利,2023-06-12,2023-06-14,2023-06-15,1,256.79,248.4,-3.367,-853.35,t3 日内止损
TESLA,复利,2023-06-28,2023-06-30,2023-07-07,4,261.77,274.43,4.736,1159.89,收盘价低于 SMA5
TESLA,复利,2023-07-13,2023-07-17,2023-07-20,3,290.38,262.9,-9.563,-2452.94,收盘价低于入场价
TESLA,复利,2023-09-28,2023-10-02,2023-10-03,1,251.6,246.568,-2.1,-487.12,t3 日内止损
TESLA,复利,2023-11-01,2023-11-03,2023-11-06,1,219.96,215.5608,-2.1,-476.89,t3 日内止损
TESLA,复利,2023-11-10,2023-11-14,2023-11-16,2,237.41,232.6618,-2.1,-466.88,t4 日内止损
TESLA,复利,2024-02-06,2024-02-08,2024-02-13,3,189.56,184.02,-3.023,-657.87,收盘价低于入场价
TESLA,复利,2024-05-13,2024-05-15,2024-05-20,3,173.99,174.95,0.452,95.35,收盘价低于 SMA5
TESLA,复利,2024-07-05,2024-07-09,2024-07-11,2,262.33,257.0834,-2.1,-445.26,t4 日内止损
TESLA,复利,2024-12-23,2024-12-26,2024-12-27,1,454.13,445.0474,-2.1,-435.91,t3 日内止损
TESLA,复利,2025-01-13,2025-01-15,2025-01-16,1,428.22,419.6556,-2.1,-426.75,t3 日内止损
TESLA,复利,2025-02-12,2025-02-14,2025-02-20,3,355.84,354.4,-0.505,-100.4,收盘价低于入场价
TESLA,复利,2025-08-04,2025-08-06,2025-08-14,6,319.91,335.58,4.798,949.79,收盘价低于 SMA5
TESLA,复利,2025-10-17,2025-10-21,2025-10-22,1,442.6,433.748,-2.1,-435.63,t3 日内止损
TESLA,复利,2025-10-23,2025-10-27,2025-10-30,3,452.42,440.1,-2.823,-573.34,收盘价低于入场价
TESLA,复利,2026-01-09,2026-01-13,2026-01-14,1,447.2,438.256,-2.1,-414.44,t3 日内止损
TESLA,复利,2026-04-30,2026-05-04,2026-05-06,2,392.51,384.6598,-2.1,-405.74,t4 日内止损
TESLA,固定仓位,2010-09-27,2010-09-29,2010-09-30,1,1.4653,1.436,-2.1,-210.0,t3 日内止损
TESLA,固定仓位,2010-11-03,2010-11-05,2010-11-17,8,1.6293,1.966,20.563,2056.29,收盘价低于 SMA5
TESLA,固定仓位,2011-03-28,2011-03-30,2011-04-06,5,1.5807,1.766,11.625,1162.5,收盘价低于 SMA5
TESLA,固定仓位,2011-04-20,2011-04-25,2011-05-03,6,1.7593,1.7913,1.719,171.89,收盘价低于 SMA5
TESLA,固定仓位,2011-06-28,2011-06-30,2011-07-06,3,1.942,1.9307,-0.684,-68.36,收盘价低于入场价
TESLA,固定仓位,2011-07-19,2011-07-21,2011-07-26,3,1.9133,1.8667,-2.539,-253.9,收盘价低于入场价
TESLA,固定仓位,2011-12-02,2011-12-06,2011-12-07,1,2.3247,2.2782,-2.1,-210.0,t3 日内止损
TESLA,固定仓位,2011-12-27,2011-12-29,2012-01-03,2,1.9153,1.877,-2.1,-210.0,t4 日内止损
TESLA,固定仓位,2012-01-24,2012-01-26,2012-02-10,11,1.9293,2.0733,7.364,736.37,收盘价低于 SMA5
TESLA,固定仓位,2012-11-12,2012-11-14,2012-11-15,1,2.092,2.0502,-2.1,-210.0,t3 日内止损
TESLA,固定仓位,2013-01-23,2013-01-25,2013-01-31,4,2.4653,2.5007,1.333,133.32,收盘价低于 SMA5
TESLA,固定仓位,2013-03-20,2013-03-22,2013-04-05,9,2.4413,2.758,12.871,1287.11,收盘价低于 SMA5
TESLA,固定仓位,2013-06-04,2013-06-06,2013-06-11,3,6.49,6.298,-3.058,-305.84,收盘价低于入场价
TESLA,固定仓位,2013-06-14,2013-06-18,2013-06-20,2,6.8927,6.7548,-2.1,-210.0,t4 日内止损
TESLA,固定仓位,2013-08-19,2013-08-21,2013-09-06,11,9.8573,11.1313,12.824,1282.44,收盘价低于 SMA5
TESLA,固定仓位,2013-10-10,2013-10-14,2013-10-21,5,11.9813,11.5067,-4.062,-406.17,收盘价低于入场价
TESLA,固定仓位,2014-02-06,2014-02-10,2014-02-19,6,13.104,12.9093,-1.586,-158.56,收盘价低于入场价
TESLA,固定仓位,2014-03-03,2014-03-05,2014-03-07,2,16.844,16.5071,-2.1,-210.0,t4 日内止损
TESLA,固定仓位,2014-03-28,2014-04-01,2014-04-04,3,14.4647,14.1487,-2.285,-228.46,收盘价低于入场价
TESLA,固定仓位,2014-05-09,2014-05-13,2014-05-15,2,12.6773,12.4238,-2.1,-210.0,t4 日内止损
TESLA,固定仓位,2014-05-19,2014-05-21,2014-05-30,6,13.2967,13.8513,4.071,407.15,收盘价低于 SMA5
TESLA,固定仓位,2014-08-04,2014-08-06,2014-08-18,8,16.5953,17.3293,4.323,432.29,收盘价低于 SMA5
TESLA,固定仓位,2014-08-25,2014-08-27,2014-09-05,6,17.55,18.4927,5.271,527.13,收盘价低于 SMA5
TESLA,固定仓位,2015-01-21,2015-01-23,2015-01-28,3,13.4193,13.2913,-1.054,-105.38,收盘价低于入场价
TESLA,固定仓位,2015-04-08,2015-04-10,2015-04-14,2,14.06,13.7788,-2.1,-210.0,t4 日内止损
TESLA,固定仓位,2015-04-21,2015-04-23,2015-04-30,5,14.5733,15.07,3.308,330.81,收盘价低于 SMA5
TESLA,固定仓位,2015-06-30,2015-07-02,2015-07-07,2,18.668,18.2946,-2.1,-210.0,t4 日内止损
TESLA,固定仓位,2015-08-26,2015-08-28,2015-09-01,2,16.5653,16.0227,-3.376,-337.59,t4 日内止损
TESLA,固定仓位,2015-10-15,2015-10-19,2015-10-20,1,15.2067,14.9025,-2.1,-210.0,t3 日内止损
TESLA,固定仓位,2016-03-07,2016-03-09,2016-03-10,1,13.9147,13.6364,-2.1,-210.0,t3 日内止损
TESLA,固定仓位,2016-03-17,2016-03-21,2016-03-22,1,15.888,15.5702,-2.1,-210.0,t3 日内止损
TESLA,固定仓位,2016-03-24,2016-03-29,2016-03-31,2,15.342,15.0352,-2.1,-210.0,t4 日内止损
TESLA,固定仓位,2016-09-15,2016-09-19,2016-09-21,2,13.756,13.4809,-2.1,-210.0,t4 日内止损
TESLA,固定仓位,2016-10-10,2016-10-12,2016-10-13,1,13.434,13.1653,-2.1,-210.0,t3 日内止损
TESLA,固定仓位,2016-12-16,2016-12-20,2016-12-29,6,13.9193,14.312,2.721,272.1,收盘价低于 SMA5
TESLA,固定仓位,2017-01-19,2017-01-23,2017-01-30,5,16.5947,16.7087,0.587,58.7,收盘价低于 SMA5
TESLA,固定仓位,2017-05-24,2017-05-26,2017-06-09,9,21.676,23.8213,9.797,979.73,收盘价低于 SMA5
TESLA,固定仓位,2018-01-17,2018-01-19,2018-01-24,3,23.3347,23.0593,-1.28,-127.99,收盘价低于入场价
TESLA,固定仓位,2018-10-31,2018-11-02,2018-11-05,1,23.094,22.6321,-2.1,-210.0,t3 日内止损
TESLA,固定仓位,2018-11-07,2018-11-09,2018-11-12,1,23.3673,22.9,-2.1,-210.0,t3 日内止损
TESLA,固定仓位,2018-11-13,2018-11-15,2018-11-20,3,23.2293,23.166,-0.373,-37.26,收盘价低于入场价
TESLA,固定仓位,2018-12-03,2018-12-06,2018-12-10,2,24.204,23.7199,-2.1,-210.0,t4 日内止损
TESLA,固定仓位,2019-06-13,2019-06-17,2019-06-20,3,15.002,14.6413,-2.504,-250.41,收盘价低于入场价
TESLA,固定仓位,2019-09-25,2019-09-27,2019-09-30,1,16.142,15.8192,-2.1,-210.0,t3 日内止损
TESLA,固定仓位,2019-11-11,2019-11-13,2019-11-20,5,23.074,23.4813,1.665,166.53,收盘价低于 SMA5
TESLA,固定仓位,2020-01-29,2020-01-31,2020-02-05,3,43.3713,48.98,12.832,1283.17,收盘价低于 SMA5
TESLA,固定仓位,2020-04-16,2020-04-20,2020-04-21,1,49.7573,48.6747,-2.276,-227.59,t3 日内止损
TESLA,固定仓位,2020-06-05,2020-06-09,2020-06-12,3,62.7113,62.352,-0.673,-67.3,收盘价低于入场价
TESLA,固定仓位,2020-07-09,2020-07-13,2020-07-14,1,99.804,97.8079,-2.1,-210.0,t3 日内止损
TESLA,固定仓位,2020-12-24,2020-12-29,2021-01-14,11,221.9967,281.6667,26.779,2677.88,收盘价低于 SMA5
TESLA,固定仓位,2021-01-19,2021-01-21,2021-01-28,5,281.6633,278.4767,-1.231,-123.14,收盘价低于入场价
TESLA,固定仓位,2021-05-26,2021-05-28,2021-06-02,2,208.4067,204.2385,-2.1,-210.0,t4 日内止损
TESLA,固定仓位,2022-01-28,2022-02-01,2022-02-02,1,310.4167,304.2083,-2.1,-210.0,t3 日内止损
TESLA,固定仓位,2022-03-08,2022-03-10,2022-03-11,1,279.4333,273.8447,-2.1,-210.0,t3 日内止损
TESLA,固定仓位,2022-07-19,2022-07-21,2022-07-26,3,271.7067,258.86,-4.828,-482.81,收盘价低于入场价
TESLA,固定仓位,2022-07-28,2022-08-01,2022-08-05,4,297.2767,288.17,-3.163,-316.34,收盘价低于入场价
TESLA,固定仓位,2023-01-06,2023-01-10,2023-02-10,22,118.85,196.89,65.563,6556.26,收盘价低于 SMA5
TESLA,固定仓位,2023-03-29,2023-03-31,2023-04-03,1,207.46,199.91,-3.739,-373.93,t3 日内止损
TESLA,固定仓位,2023-06-12,2023-06-14,2023-06-15,1,256.79,248.4,-3.367,-336.73,t3 日内止损
TESLA,固定仓位,2023-06-28,2023-06-30,2023-07-07,4,261.77,274.43,4.736,473.63,收盘价低于 SMA5
TESLA,固定仓位,2023-07-13,2023-07-17,2023-07-20,3,290.38,262.9,-9.563,-956.35,收盘价低于入场价
TESLA,固定仓位,2023-09-28,2023-10-02,2023-10-03,1,251.6,246.568,-2.1,-210.0,t3 日内止损
TESLA,固定仓位,2023-11-01,2023-11-03,2023-11-06,1,219.96,215.5608,-2.1,-210.0,t3 日内止损
TESLA,固定仓位,2023-11-10,2023-11-14,2023-11-16,2,237.41,232.6618,-2.1,-210.0,t4 日内止损
TESLA,固定仓位,2024-02-06,2024-02-08,2024-02-13,3,189.56,184.02,-3.023,-302.26,收盘价低于入场价
TESLA,固定仓位,2024-05-13,2024-05-15,2024-05-20,3,173.99,174.95,0.452,45.18,收盘价低于 SMA5
TESLA,固定仓位,2024-07-05,2024-07-09,2024-07-11,2,262.33,257.0834,-2.1,-210.0,t4 日内止损
TESLA,固定仓位,2024-12-23,2024-12-26,2024-12-27,1,454.13,445.0474,-2.1,-210.0,t3 日内止损
TESLA,固定仓位,2025-01-13,2025-01-15,2025-01-16,1,428.22,419.6556,-2.1,-210.0,t3 日内止损
TESLA,固定仓位,2025-02-12,2025-02-14,2025-02-20,3,355.84,354.4,-0.505,-50.47,收盘价低于入场价
TESLA,固定仓位,2025-08-04,2025-08-06,2025-08-14,6,319.91,335.58,4.798,479.82,收盘价低于 SMA5
TESLA,固定仓位,2025-10-17,2025-10-21,2025-10-22,1,442.6,433.748,-2.1,-210.0,t3 日内止损
TESLA,固定仓位,2025-10-23,2025-10-27,2025-10-30,3,452.42,440.1,-2.823,-282.31,收盘价低于入场价
TESLA,固定仓位,2026-01-09,2026-01-13,2026-01-14,1,447.2,438.256,-2.1,-210.0,t3 日内止损
TESLA,固定仓位,2026-04-30,2026-05-04,2026-05-06,2,392.51,384.6598,-2.1,-210.0,t4 日内止损
