symbol,name,history_days,first_date,last_date,annualized_volatility_pct_252d,median_daily_dollar_volume_252d,market_cap_usd,波动档,流动性档,市值档,历史状态,策略特征组
ABEO,Abeona Therapeutics Inc. Common Stock,2514,2016-07-18,2026-07-17,51.636045821387974,5573445.484566689,398966008.0,中波动,中流动性,小盘（0.3B–2B）,历史≥1年,中流动性－中波动
ABOS,"Acumen Pharmaceuticals, Inc. Common Stock",1266,2021-07-01,2026-07-17,86.95619987057863,661112.991464138,162512055.0,中波动,中流动性,微盘（<0.3B）,历史≥1年,中流动性－中波动
ACDC,ProFrac Holding Corp. Class A Common Stock,1047,2022-05-13,2026-07-17,91.37972114193668,6339269.985234737,868419614.0,中波动,中流动性,小盘（0.3B–2B）,历史≥1年,中流动性－中波动
ACET,"Adicet Bio, Inc. Common Stock",2129,2018-01-26,2026-07-17,74.78019216710487,825318.1544427872,75907676.0,中波动,中流动性,微盘（<0.3B）,历史≥1年,中流动性－中波动
ACIU,AC Immune SA Common Stock,2466,2016-09-23,2026-07-17,78.09325345477076,679290.9892320633,223901861.0,中波动,中流动性,微盘（<0.3B）,历史≥1年,中流动性－中波动
ACOG,Alpha Cognition Inc. Common Stock,419,2024-11-12,2026-07-17,68.82393365504068,371879.5044183731,185079884.0,中波动,中流动性,微盘（<0.3B）,历史≥1年,中流动性－中波动
ADUR,Aduro Clean Technologies Inc. Common Stock,481,2024-08-15,2026-07-17,82.17500796177282,3714447.973251343,465075226.0,中波动,中流动性,小盘（0.3B–2B）,历史≥1年,中流动性－中波动
AEBI,Aebi Schmidt Holding AG Common Stock ,262,2025-07-02,2026-07-17,53.735589371508986,2837172.9989528656,990168140.0,中波动,中流动性,小盘（0.3B–2B）,历史≥1年,中流动性－中波动
AEYE,"AudioEye, Inc. Common Stock",2514,2016-07-18,2026-07-17,63.01002892402856,1021448.99289608,82581473.0,中波动,中流动性,微盘（<0.3B）,历史≥1年,中流动性－中波动
AFCG,Advanced Flower Capital Inc. Common Stock,1338,2021-03-19,2026-07-17,61.78586809337598,600530.9988498688,66116052.0,中波动,中流动性,微盘（<0.3B）,历史≥1年,中流动性－中波动
AGNT,"AGNT, Inc. Common Stock",2121,2018-02-07,2026-07-17,51.09354533028723,8313600.151777267,752603572.0,中波动,中流动性,小盘（0.3B–2B）,历史≥1年,中流动性－中波动
AIIR,Air Global PLC Ordinary Shares,266,2025-06-26,2026-07-17,51.47808971797821,379532.9830169678,970338942.0,中波动,中流动性,小盘（0.3B–2B）,历史≥1年,中流动性－中波动
AIOT,"PowerFleet, Inc. Common Stock",2514,2016-07-18,2026-07-17,58.691922549056926,5568409.414386749,567585114.0,中波动,中流动性,小盘（0.3B–2B）,历史≥1年,中流动性－中波动
AIRJ,AirJoule Technologies Corporation Class A Common Stock,1118,2022-02-01,2026-07-17,85.0322191953062,1135271.976518631,270778199.0,中波动,中流动性,微盘（<0.3B）,历史≥1年,中流动性－中波动
AIRO,"AIRO Group Holdings, Inc. Common Stock",274,2025-06-13,2026-07-17,85.05942831506897,6279510.747146606,205340055.0,中波动,中流动性,微盘（<0.3B）,历史≥1年,中流动性－中波动
AISP,"Airship AI Holdings, Inc. Class A Common Stock",1303,2021-05-10,2026-07-17,83.76281704590562,2092452.0224571228,68824128.0,中波动,中流动性,微盘（<0.3B）,历史≥1年,中流动性－中波动
AKBA,"Akebia Therapeutics, Inc. Common Stock",2514,2016-07-18,2026-07-17,75.8239389341767,5425509.342765808,359466046.0,中波动,中流动性,小盘（0.3B–2B）,历史≥1年,中流动性－中波动
ALGS,"Aligos Therapeutics, Inc. Common Stock",1443,2020-10-16,2026-07-17,80.32265870290979,547681.9925308228,35520400.0,中波动,中流动性,微盘（<0.3B）,历史≥1年,中流动性－中波动
ALLO,"Allogene Therapeutics, Inc. Common Stock",1950,2018-10-11,2026-07-17,86.9295591454387,8217513.964289427,617826664.0,中波动,中流动性,小盘（0.3B–2B）,历史≥1年,中流动性－中波动
ALLT,Allot Ltd. Ordinary Shares,2514,2016-07-18,2026-07-17,61.63701617398715,3247447.93343544,393830947.0,中波动,中流动性,小盘（0.3B–2B）,历史≥1年,中流动性－中波动
ALTI,"AlTi Global, Inc. Class A Common Stock",1312,2021-04-27,2026-07-17,57.53227070406302,467748.00577163696,524597726.0,中波动,中流动性,小盘（0.3B–2B）,历史≥1年,中流动性－中波动
ALVO,Alvotech Ordinary Shares,1024,2022-06-16,2026-07-17,72.21860422508345,2281228.4968972206,1080049947.0,中波动,中流动性,小盘（0.3B–2B）,历史≥1年,中流动性－中波动
ANIK,Anika Therapeutics Inc. Common Stock,2514,2016-07-18,2026-07-17,56.457236140945355,1229882.5073719025,202910766.0,中波动,中流动性,微盘（<0.3B）,历史≥1年,中流动性－中波动
ANIX,"Anixa Biosciences, Inc. Common Stock",2514,2016-07-18,2026-07-17,73.12856150071295,399359.4932079315,115678414.0,中波动,中流动性,微盘（<0.3B）,历史≥1年,中流动性－中波动
AOUT,"American Outdoor Brands, Inc. Common Stock ",1482,2020-08-21,2026-07-17,54.07523950930852,485590.0025367737,173723897.0,中波动,中流动性,微盘（<0.3B）,历史≥1年,中流动性－中波动
AQST,"Aquestive Therapeutics, Inc. Common Stock",2005,2018-07-25,2026-07-17,85.116871957296,9152319.796800612,516923991.0,中波动,中流动性,小盘（0.3B–2B）,历史≥1年,中流动性－中波动
ARQ,"Arq, Inc. Common Stock",2514,2016-07-18,2026-07-17,86.39005961343042,1189488.000679016,88428091.0,中波动,中流动性,微盘（<0.3B）,历史≥1年,中流动性－中波动
ASMB,"Assembly Biosciences, Inc. Common Stock",2514,2016-07-18,2026-07-17,58.53767947262198,3058016.50762558,426080820.0,中波动,中流动性,小盘（0.3B–2B）,历史≥1年,中流动性－中波动
ATEX,Anterix Inc. Common Stock,2514,2016-07-18,2026-07-17,59.75453975171874,7528065.181732178,1956671766.0,中波动,中流动性,小盘（0.3B–2B）,历史≥1年,中流动性－中波动
ATLC,Atlanticus Holdings Corporation Common Stock,2514,2016-07-18,2026-07-17,53.38035385851636,4161052.555847168,1522079938.0,中波动,中流动性,小盘（0.3B–2B）,历史≥1年,中流动性－中波动
ATOS,"Atossa Therapeutics, Inc. Common Stock",2514,2016-07-18,2026-07-17,87.59543116068488,442130.1851649285,21442289.0,中波动,中流动性,微盘（<0.3B）,历史≥1年,中流动性－中波动
AURA,"Aura Biosciences, Inc. Common Stock",1182,2021-10-29,2026-07-17,57.20925740747539,1353997.9639053345,723020548.0,中波动,中流动性,小盘（0.3B–2B）,历史≥1年,中流动性－中波动
AVBP,"ArriVent BioPharma, Inc. Common Stock",620,2024-01-26,2026-07-17,55.53941823762221,8523571.83008194,1545821860.0,中波动,中流动性,小盘（0.3B–2B）,历史≥1年,中流动性－中波动
AVNW,"Aviat Networks, Inc. Common Stock",2514,2016-07-18,2026-07-17,59.51515151890517,2392787.9754066467,268946738.0,中波动,中流动性,微盘（<0.3B）,历史≥1年,中流动性－中波动
AVR,Anteris Technologies Global Corp. Common Stock,397,2024-12-13,2026-07-17,76.01887029538942,2534563.9698028564,822541615.0,中波动,中流动性,小盘（0.3B–2B）,历史≥1年,中流动性－中波动
AVTX,"Avalo Therapeutics, Inc. Common Stock",2514,2016-07-18,2026-07-17,91.7761693074263,7232958.589935303,1018195130.0,中波动,中流动性,小盘（0.3B–2B）,历史≥1年,中流动性－中波动
AVXL,Anavex Life Sciences Corp. Common Stock,2514,2016-07-18,2026-07-17,87.72933669857743,6379060.219717026,221485502.0,中波动,中流动性,微盘（<0.3B）,历史≥1年,中流动性－中波动
BAER,"Bridger Aerospace Group Holdings, Inc. Common Stock",1340,2021-03-17,2026-07-17,73.24062737540953,765054.5063018799,111817024.0,中波动,中流动性,微盘（<0.3B）,历史≥1年,中流动性－中波动
BAND,Bandwidth Inc. Class A Common Stock,2181,2017-11-09,2026-07-17,85.05895477368803,4545879.029273987,2299162816.0,中波动,中流动性,中盘（2B–10B）,历史≥1年,中流动性－中波动
BBOT,"BridgeBio Oncology Therapeutics, Inc. Common Stock  ",610,2024-02-09,2026-07-17,68.60945421976007,2152563.013601303,685716810.0,中波动,中流动性,小盘（0.3B–2B）,历史≥1年,中流动性－中波动
BCAX,Bicara Therapeutics Inc. Common Stock,461,2024-09-13,2026-07-17,60.40505968623249,8289750.931072235,1823939320.0,中波动,中流动性,小盘（0.3B–2B）,历史≥1年,中流动性－中波动
BDTX,"Black Diamond Therapeutics, Inc. Common Stock",1623,2020-01-31,2026-07-17,85.32754115473642,2452260.0106716156,102570175.0,中波动,中流动性,微盘（<0.3B）,历史≥1年,中流动性－中波动
BEEM,Beam Global Common Stock,2514,2016-07-18,2026-07-17,86.70874410739361,553369.9830174446,21771092.0,中波动,中流动性,微盘（<0.3B）,历史≥1年,中流动性－中波动
BELFA,Bel Fuse Inc. Class A Common Stock,2514,2016-07-18,2026-07-17,58.74033313955489,6360360.970306397,2910064772.0,中波动,中流动性,中盘（2B–10B）,历史≥1年,中流动性－中波动
BIOA,"BioAge Labs, Inc. Common Stock",452,2024-09-26,2026-07-17,84.20913612994228,5396051.856398582,1013966863.0,中波动,中流动性,小盘（0.3B–2B）,历史≥1年,中流动性－中波动
BMEA,"Biomea Fusion, Inc. Common Stock",1319,2021-04-16,2026-07-17,89.24906884910372,1440014.458167553,92543283.0,中波动,中流动性,微盘（<0.3B）,历史≥1年,中流动性－中波动
BNTC,Benitec Biopharma Inc. Common Stock,2514,2016-07-18,2026-07-17,57.40955616615347,1112050.0037670135,439048389.0,中波动,中流动性,小盘（0.3B–2B）,历史≥1年,中流动性－中波动
BOOM,DMC Global Inc. Common Stock,2514,2016-07-18,2026-07-17,77.07565414323864,1362225.492978096,128134732.0,中波动,中流动性,微盘（<0.3B）,历史≥1年,中流动性－中波动
BRUN,Boost Run Inc. Class A Common Stock,387,2024-12-30,2026-07-17,73.10410017139965,3150673.971557617,1500088219.0,中波动,中流动性,小盘（0.3B–2B）,历史≥1年,中流动性－中波动
BSIN,Big Sky Industrial Inc. Common Stock,2514,2016-07-18,2026-07-17,72.19002866586578,838238.994705677,73248601.0,中波动,中流动性,微盘（<0.3B）,历史≥1年,中流动性－中波动
BTCS,BTCS Inc. Common Stock,2514,2016-07-18,2026-07-17,85.6568876981905,2565144.010937214,49242775.0,中波动,中流动性,微盘（<0.3B）,历史≥1年,中流动性－中波动
BTMD,Biote Corp. Class A Common Stock,1311,2021-04-28,2026-07-17,68.58534601830236,395268.4989929199,91322569.0,中波动,中流动性,微盘（<0.3B）,历史≥1年,中流动性－中波动
BVS,Bioventus Inc. Class A Common Stock,1363,2021-02-11,2026-07-17,52.77248779662832,2795429.9461841583,1007429507.0,中波动,中流动性,小盘（0.3B–2B）,历史≥1年,中流动性－中波动
BYRN,"Byrna Technologies, Inc. Common Stock",2514,2016-07-18,2026-07-17,79.53203611205139,5499238.871383667,75795809.0,中波动,中流动性,微盘（<0.3B）,历史≥1年,中流动性－中波动
CADL,"Candel Therapeutics, Inc. Common Stock",1249,2021-07-27,2026-07-17,70.64331405459293,5053677.955746651,745891033.0,中波动,中流动性,小盘（0.3B–2B）,历史≥1年,中流动性－中波动
CBIO,"Crescent Biopharma, Inc. Common Stock",2514,2016-07-18,2026-07-17,77.4913687782029,1872074.0204811096,526084238.0,中波动,中流动性,小盘（0.3B–2B）,历史≥1年,中流动性－中波动
CBLL,"CeriBell, Inc. Common Stock",441,2024-10-11,2026-07-17,54.12041019848829,4608076.927947998,710287344.0,中波动,中流动性,小盘（0.3B–2B）,历史≥1年,中流动性－中波动
CCLD,"CareCloud, Inc. Common Stock",2514,2016-07-18,2026-07-17,63.771065004044694,981087.031853199,98583642.0,中波动,中流动性,微盘（<0.3B）,历史≥1年,中流动性－中波动
CCRN,"Cross Country Healthcare, Inc. Common Stock $0.0001 Par Value",2514,2016-07-18,2026-07-17,54.84848674084291,4189373.9882946014,428084432.0,中波动,中流动性,小盘（0.3B–2B）,历史≥1年,中流动性－中波动
CCSI,"Consensus Cloud Solutions, Inc. Common Stock",1203,2021-09-30,2026-07-17,53.11304384674935,3732557.446575165,688819248.0,中波动,中流动性,小盘（0.3B–2B）,历史≥1年,中流动性－中波动
CDXS,"Codexis, Inc. Common Stock",2514,2016-07-18,2026-07-17,82.03272141268741,1887761.5120232103,203608310.0,中波动,中流动性,微盘（<0.3B）,历史≥1年,中流动性－中波动
CDZI,"CADIZ, Inc. Common Stock",2514,2016-07-18,2026-07-17,63.259571502154785,3236043.5972452164,285893372.0,中波动,中流动性,微盘（<0.3B）,历史≥1年,中流动性－中波动
CERS,Cerus Corporation Common Stock,2514,2016-07-18,2026-07-17,74.65459086947294,2462758.0594062805,627154889.0,中波动,中流动性,小盘（0.3B–2B）,历史≥1年,中流动性－中波动
CEVA,"CEVA, Inc. Common Stock",2514,2016-07-18,2026-07-17,68.11753763034201,8387286.413860321,1057820241.0,中波动,中流动性,小盘（0.3B–2B）,历史≥1年,中流动性－中波动
CGEM,"Cullinan Therapeutics, Inc. Common Stock",1386,2021-01-08,2026-07-17,80.72698479757273,9105727.559614182,1087192834.0,中波动,中流动性,小盘（0.3B–2B）,历史≥1年,中流动性－中波动
CGEN,Compugen Ltd. Ordinary Shares,2514,2016-07-18,2026-07-17,68.55300031772506,519546.99189662933,224165587.0,中波动,中流动性,微盘（<0.3B）,历史≥1年,中流动性－中波动
CGNT,Cognyte Software Ltd. Ordinary Shares,1366,2021-02-08,2026-07-17,51.28385365907522,2715939.5198345184,636641366.0,中波动,中流动性,小盘（0.3B–2B）,历史≥1年,中流动性－中波动
CHRS,"Coherus Oncology, Inc. Common Stock",2514,2016-07-18,2026-07-17,80.25215977020494,1554072.0104932785,215949860.0,中波动,中流动性,微盘（<0.3B）,历史≥1年,中流动性－中波动
CLFD,"Clearfield, Inc. Common Stock",2514,2016-07-18,2026-07-17,61.32418474702287,3777998.627471924,416381054.0,中波动,中流动性,小盘（0.3B–2B）,历史≥1年,中流动性－中波动
CLMB,"Climb Global Solutions, Inc. Common Stock",2514,2016-07-18,2026-07-17,52.98604661683862,4924487.855529785,482411368.0,中波动,中流动性,小盘（0.3B–2B）,历史≥1年,中流动性－中波动
CLNE,Clean Energy Fuels Corp. Common Stock,2514,2016-07-18,2026-07-17,52.859394455641464,2818061.99362278,524134629.0,中波动,中流动性,小盘（0.3B–2B）,历史≥1年,中流动性－中波动
CMCO,Columbus McKinnon Corporation Common Stock,2514,2016-07-18,2026-07-17,56.86101282445348,5467429.531145096,414033250.0,中波动,中流动性,小盘（0.3B–2B）,历史≥1年,中流动性－中波动
CMRC,"Commerce.com, Inc. Series 1 Common Stock",1494,2020-08-05,2026-07-17,61.275904732177885,2805319.979906082,250837222.0,中波动,中流动性,微盘（<0.3B）,历史≥1年,中流动性－中波动
CNDT,Conduent Incorporated Common Stock ,2410,2016-12-13,2026-07-17,67.23653706555207,2066130.0383090973,251256839.0,中波动,中流动性,微盘（<0.3B）,历史≥1年,中流动性－中波动
CODA,"Coda Octopus Group, Inc. Common stock",2514,2016-07-18,2026-07-17,64.28118442290445,1011271.4921951294,113033155.0,中波动,中流动性,微盘（<0.3B）,历史≥1年,中流动性－中波动
COYA,"Coya Therapeutics, Inc. Common Stock",889,2022-12-29,2026-07-17,66.49577904094205,706144.4991827011,106495611.0,中波动,中流动性,微盘（<0.3B）,历史≥1年,中流动性－中波动
CRBP,"Corbus Pharmaceuticals Holdings, Inc. Common Stock",2514,2016-07-18,2026-07-17,79.36599189495612,2215346.0039138794,166935433.0,中波动,中流动性,微盘（<0.3B）,历史≥1年,中流动性－中波动
CRBU,"Caribou Biosciences, Inc. Common Stock",1251,2021-07-23,2026-07-17,78.06170716513763,2375042.9394364357,163647949.0,中波动,中流动性,微盘（<0.3B）,历史≥1年,中流动性－中波动
CRDF,"Cardiff Oncology, Inc. Common Stock",2514,2016-07-18,2026-07-17,89.75526235650909,1678572.5109696388,60165508.0,中波动,中流动性,微盘（<0.3B）,历史≥1年,中流动性－中波动
CRNT,Ceragon Networks Ltd. Ordinary Shares,2514,2016-07-18,2026-07-17,53.3759549338161,1280689.5535588264,197239318.0,中波动,中流动性,微盘（<0.3B）,历史≥1年,中流动性－中波动
CRSR,"Corsair Gaming, Inc. Common Stock",1460,2020-09-23,2026-07-17,81.70694609488889,6460312.6876831055,1042101557.0,中波动,中流动性,小盘（0.3B–2B）,历史≥1年,中流动性－中波动
CSTL,"Castle Biosciences, Inc. Common Stock",1754,2019-07-25,2026-07-17,64.05238818117465,9094429.22744751,732771640.0,中波动,中流动性,小盘（0.3B–2B）,历史≥1年,中流动性－中波动
CTKB,"Cytek Biosciences, Inc. Common Stock",1251,2021-07-23,2026-07-17,58.25158684679677,3687174.653863907,596638752.0,中波动,中流动性,小盘（0.3B–2B）,历史≥1年,中流动性－中波动
CTNM,"Contineum Therapeutics, Inc. Class A Common Stock",572,2024-04-05,2026-07-17,79.08272393199296,2071458.5181713104,532008145.0,中波动,中流动性,小盘（0.3B–2B）,历史≥1年,中流动性－中波动
CTRN,"Citi Trends, Inc. Common Stock",2514,2016-07-18,2026-07-17,57.62076727268639,3689682.5773239136,534859540.0,中波动,中流动性,小盘（0.3B–2B）,历史≥1年,中流动性－中波动
CURI,CuriosityStream Inc. Class A Common Stock,1639,2020-01-08,2026-07-17,65.33888475906257,1706713.4779930117,151776256.0,中波动,中流动性,微盘（<0.3B）,历史≥1年,中流动性－中波动
CVRX,"CVRx, Inc. Common Stock",1267,2021-06-30,2026-07-17,77.14876111187945,1672157.463312149,130291485.0,中波动,中流动性,微盘（<0.3B）,历史≥1年,中流动性－中波动
CXDO,"Crexendo, Inc. Common Stock",2088,2018-03-27,2026-07-17,60.422196483186795,1010140.5017137527,248301757.0,中波动,中流动性,微盘（<0.3B）,历史≥1年,中流动性－中波动
CYN,Cyngn Inc. Common Stock,1189,2021-10-20,2026-07-17,90.4648803655125,752963.006734848,16875239.0,中波动,中流动性,微盘（<0.3B）,历史≥1年,中流动性－中波动
CYRX,"CryoPort, Inc. Common Stock",2514,2016-07-18,2026-07-17,65.41106174716236,4579521.1191654205,832142188.0,中波动,中流动性,小盘（0.3B–2B）,历史≥1年,中流动性－中波动
DCGO,DocGo Inc. Common Stock,1400,2020-12-17,2026-07-17,78.63710021535934,553653.0878901482,64324503.0,中波动,中流动性,微盘（<0.3B）,历史≥1年,中流动性－中波动
DERM,Journey Medical Corporation Common Stock,1172,2021-11-12,2026-07-17,64.62773360966175,961310.0107192992,197147357.0,中波动,中流动性,微盘（<0.3B）,历史≥1年,中流动性－中波动
DH,Definitive Healthcare Corp. Class A Common Stock,1214,2021-09-15,2026-07-17,73.27948577272187,655039.9956703186,109105924.0,中波动,中流动性,微盘（<0.3B）,历史≥1年,中流动性－中波动
DIBS,"1stdibs.com, Inc. Common Stock",1281,2021-06-10,2026-07-17,55.73706889280788,679035.5023145676,162180815.0,中波动,中流动性,微盘（<0.3B）,历史≥1年,中流动性－中波动
DMAC,DiaMedica Therapeutics Inc. Common Stock,2514,2016-07-18,2026-07-17,65.81584312417763,1541944.5101737976,393348419.0,中波动,中流动性,小盘（0.3B–2B）,历史≥1年,中流动性－中波动
DMRC,Digimarc Corporation Common Stock,2514,2016-07-18,2026-07-17,89.44230580459327,1428475.0023841858,134217493.0,中波动,中流动性,微盘（<0.3B）,历史≥1年,中流动性－中波动
DOMH,Dominari Holdings Inc. Common Stock,2514,2016-07-18,2026-07-17,83.97436387398642,751308.0073356628,62414036.0,中波动,中流动性,微盘（<0.3B）,历史≥1年,中流动性－中波动
DRTS,Alpha Tau Medical Ltd. Ordinary Shares,1347,2021-03-08,2026-07-17,77.72682393485107,1195852.0114421844,1192531936.0,中波动,中流动性,小盘（0.3B–2B）,历史≥1年,中流动性－中波动
DSGN,"Design Therapeutics, Inc. Common Stock",1332,2021-03-29,2026-07-17,81.60499656731055,2201319.9615478516,785084163.0,中波动,中流动性,小盘（0.3B–2B）,历史≥1年,中流动性－中波动
DSGR,"Distribution Solutions Group, Inc. Common Stock",2514,2016-07-18,2026-07-17,58.06389328002331,1948116.4506912231,1593733193.0,中波动,中流动性,小盘（0.3B–2B）,历史≥1年,中流动性－中波动
DSP,Viant Technology Inc. Class A Common Stock,1364,2021-02-10,2026-07-17,64.78081402753783,2302733.5325717926,753640103.0,中波动,中流动性,小盘（0.3B–2B）,历史≥1年,中流动性－中波动
DTI,Drilling Tools International Corporation Common Stock,1141,2021-12-29,2026-07-17,79.96992446578297,427838.9862418175,80117134.0,中波动,中流动性,微盘（<0.3B）,历史≥1年,中流动性－中波动
DTIL,"Precision BioSciences, Inc. Common Stock",1836,2019-03-28,2026-07-17,69.73274140496561,999419.9808597564,203063684.0,中波动,中流动性,微盘（<0.3B）,历史≥1年,中流动性－中波动
DUOT,"Duos Technologies Group, Inc. Common Stock",2296,2017-05-30,2026-07-17,79.038419003082,2816242.970967293,241482339.0,中波动,中流动性,微盘（<0.3B）,历史≥1年,中流动性－中波动
ECX,ECARX Holdings Inc. Class A Ordinary shares,1330,2021-03-31,2026-07-17,86.69289320659355,2892048.517090082,419165982.0,中波动,中流动性,小盘（0.3B–2B）,历史≥1年,中流动性－中波动
EGAN,eGain Corporation Common Stock,2514,2016-07-18,2026-07-17,66.77653888072253,1814938.015460968,180347032.0,中波动,中流动性,微盘（<0.3B）,历史≥1年,中流动性－中波动
EGHT,8x8 Inc Common Stock,2514,2016-07-18,2026-07-17,87.44105331203272,1634899.469256401,266550771.0,中波动,中流动性,微盘（<0.3B）,历史≥1年,中流动性－中波动
ELDN,"Eledon Pharmaceuticals, Inc. Common Stock",2514,2016-07-18,2026-07-17,89.12629993780824,2849541.9934511185,314154440.0,中波动,中流动性,小盘（0.3B–2B）,历史≥1年,中流动性－中波动
ELE,Elemental Royalty Corporation Common Stock,1495,2020-08-04,2026-07-17,67.76151133643525,3035594.035291672,929690953.0,中波动,中流动性,小盘（0.3B–2B）,历史≥1年,中流动性－中波动
EMBC,Embecta Corp. Common Stock,1084,2022-03-22,2026-07-17,76.52595250241944,6605711.921417713,192814950.0,中波动,中流动性,微盘（<0.3B）,历史≥1年,中流动性－中波动
EMPD,Empery Digital Inc. Common stock,1199,2021-10-06,2026-07-17,80.67306068010681,3661759.5487713814,96417681.0,中波动,中流动性,微盘（<0.3B）,历史≥1年,中流动性－中波动
ENLT,Enlight Renewable Energy Ltd. Ordinary Shares,887,2023-01-03,2026-07-17,56.72064577729733,3260217.9357528687,12662915089.0,中波动,中流动性,大盘（10B–200B）,历史≥1年,中流动性－中波动
EOLS,"Evolus, Inc. Common Stock",2120,2018-02-08,2026-07-17,69.88212759569087,5444821.940612793,377347723.0,中波动,中流动性,小盘（0.3B–2B）,历史≥1年,中流动性－中波动
EPRX,Eupraxia Pharmaceuticals Inc. Common Stock,572,2024-04-05,2026-07-17,60.66757656916428,877340.0192260742,430504581.0,中波动,中流动性,小盘（0.3B–2B）,历史≥1年,中流动性－中波动
ERII,"Energy Recovery, Inc. Common Stock",2514,2016-07-18,2026-07-17,56.30671016110189,6346300.381755829,444320133.0,中波动,中流动性,小盘（0.3B–2B）,历史≥1年,中流动性－中波动
ESOA,Energy Services of America Corporation Common Stock,2514,2016-07-18,2026-07-17,63.025489352356765,1529653.0640602112,298554864.0,中波动,中流动性,微盘（<0.3B）,历史≥1年,中流动性－中波动
ETON,"Eton Pharmaceuticals, Inc. Common Stock",1927,2018-11-13,2026-07-17,55.27693196569125,5430523.575973511,1159244591.0,中波动,中流动性,小盘（0.3B–2B）,历史≥1年,中流动性－中波动
EVCM,EverCommerce Inc. Common Stock,1266,2021-07-01,2026-07-17,57.882452173818024,1744826.550245285,2130486440.0,中波动,中流动性,中盘（2B–10B）,历史≥1年,中流动性－中波动
EXFY,"Expensify, Inc. Class A Common Stock",1174,2021-11-10,2026-07-17,72.88447713404402,763111.9901657104,176481758.0,中波动,中流动性,微盘（<0.3B）,历史≥1年,中流动性－中波动
FAC,Factorial Energy Inc. Class A Common Stock,268,2025-06-24,2026-07-17,72.71997045761901,457337.987279892,606821799.0,中波动,中流动性,小盘（0.3B–2B）,历史≥1年,中流动性－中波动
FBIO,"Fortress Biotech, Inc. Common Stock",2514,2016-07-18,2026-07-17,81.60702092816958,1253912.4936461449,111616082.0,中波动,中流动性,微盘（<0.3B）,历史≥1年,中流动性－中波动
FENC,Fennec Pharmaceuticals Inc. Common Stock,2220,2017-09-15,2026-07-17,64.35823128172949,875744.4838762283,366310865.0,中波动,中流动性,小盘（0.3B–2B）,历史≥1年,中流动性－中波动
FHTX,Foghorn Therapeutics Inc. Common Stock,1438,2020-10-23,2026-07-17,76.0111017106677,696788.9966011047,304725255.0,中波动,中流动性,小盘（0.3B–2B）,历史≥1年,中流动性－中波动
FIP,FTAI Infrastructure Inc. Common Stock ,1002,2022-07-20,2026-07-17,71.33961796199169,5962411.845827103,491560389.0,中波动,中流动性,小盘（0.3B–2B）,历史≥1年,中流动性－中波动
FLGT,"Fulgent Genetics, Inc. Common Stock",2462,2016-09-29,2026-07-17,57.832738546161266,5902772.551345825,572556560.0,中波动,中流动性,小盘（0.3B–2B）,历史≥1年,中流动性－中波动
FLL,"Full House Resorts, Inc. Common Stock",2514,2016-07-18,2026-07-17,63.8101445867818,399790.49134254456,87036439.0,中波动,中流动性,微盘（<0.3B）,历史≥1年,中流动性－中波动
FLNA,"Filana Therapeutics, Inc. Common Stock",2514,2016-07-18,2026-07-17,91.32794929912887,1260646.5262770653,51206370.0,中波动,中流动性,微盘（<0.3B）,历史≥1年,中流动性－中波动
FLWS,"1-800-FLOWERS.COM, Inc. Common Stock",2514,2016-07-18,2026-07-17,84.93971310096147,1970296.967947483,263444765.0,中波动,中流动性,微盘（<0.3B）,历史≥1年,中流动性－中波动
FLXS,"Flexsteel Industries, Inc. Common Stock",2514,2016-07-18,2026-07-17,53.03880922031078,1529436.0149383545,390846652.0,中波动,中流动性,小盘（0.3B–2B）,历史≥1年,中流动性－中波动
FNKO,"Funko, Inc. Class A Common Stock",2186,2017-11-02,2026-07-17,79.77733636846666,3100078.870487213,325517605.0,中波动,中流动性,小盘（0.3B–2B）,历史≥1年,中流动性－中波动
FORR,"Forrester Research, Inc. Common Stock",2514,2016-07-18,2026-07-17,54.73580761116798,733346.9856262207,200331840.0,中波动,中流动性,微盘（<0.3B）,历史≥1年,中流动性－中波动
FRD,Friedman Industries Inc. Common Stock,2514,2016-07-18,2026-07-17,56.186252015331526,415625.9882926941,242294368.0,中波动,中流动性,微盘（<0.3B）,历史≥1年,中流动性－中波动
FUFU,BitFuFu Inc. Class A Ordinary Shares,1154,2021-12-09,2026-07-17,89.46669890157726,385062.4975681305,233315037.0,中波动,中流动性,微盘（<0.3B）,历史≥1年,中流动性－中波动
GAMB,Gambling.com Group Limited Ordinary Shares,1251,2021-07-23,2026-07-17,66.1688320475759,3012173.892021179,63174942.0,中波动,中流动性,微盘（<0.3B）,历史≥1年,中流动性－中波动
GDRX,"GoodRx Holdings, Inc. Class A Common Stock",1460,2020-09-23,2026-07-17,73.49611485866855,5586536.6282224655,1063440671.0,中波动,中流动性,小盘（0.3B–2B）,历史≥1年,中流动性－中波动
GEVO,"Gevo, Inc. Common Stock",2514,2016-07-18,2026-07-17,86.22472693268134,6313029.953241348,396760466.0,中波动,中流动性,小盘（0.3B–2B）,历史≥1年,中流动性－中波动
GHRS,GH Research PLC Ordinary Shares,1270,2021-06-25,2026-07-17,76.52432432133115,3303702.0831108093,1968276466.0,中波动,中流动性,小盘（0.3B–2B）,历史≥1年,中流动性－中波动
GNLX,Genelux Corporation Common Stock,871,2023-01-26,2026-07-17,81.55361986634024,497792.9924607277,128691994.0,中波动,中流动性,微盘（<0.3B）,历史≥1年,中流动性－中波动
GRWG,GrowGeneration Corp. Common Stock,2121,2018-02-07,2026-07-17,87.96143921000518,526532.4952125549,85929994.0,中波动,中流动性,微盘（<0.3B）,历史≥1年,中流动性－中波动
GSM,Ferroglobe PLC Ordinary Shares,2514,2016-07-18,2026-07-17,55.42579516566802,5432336.430621147,625982732.0,中波动,中流动性,小盘（0.3B–2B）,历史≥1年,中流动性－中波动
GYRE,"Gyre Therapeutics, Inc. Common Stock",2514,2016-07-18,2026-07-17,59.69205752384369,522254.989862442,674507536.0,中波动,中流动性,小盘（0.3B–2B）,历史≥1年,中流动性－中波动
HAIN,"Hain Celestial Group, Inc. (The) Common Stock",2514,2016-07-18,2026-07-17,86.15345731259414,1408536.5312457085,50596103.0,中波动,中流动性,微盘（<0.3B）,历史≥1年,中流动性－中波动
HCAT,"Health Catalyst, Inc Common Stock",1754,2019-07-25,2026-07-17,91.7646948639476,1539049.4928598404,166261545.0,中波动,中流动性,微盘（<0.3B）,历史≥1年,中流动性－中波动
HDRN,"Hadron Energy, Inc. Common Stock  ",463,2024-09-11,2026-07-17,59.502485253839325,428385.5131626129,142997684.0,中波动,中流动性,微盘（<0.3B）,历史≥1年,中流动性－中波动
HELP,Cybin Inc. Common Stock,1719,2019-09-13,2026-07-17,79.48262403673499,3707931.4950704575,449384566.0,中波动,中流动性,小盘（0.3B–2B）,历史≥1年,中流动性－中波动
HNST,"The Honest Company, Inc. Common Stock",1307,2021-05-04,2026-07-17,64.92295424309627,6325336.46851778,421601095.0,中波动,中流动性,小盘（0.3B–2B）,历史≥1年,中流动性－中波动
HOFT,Hooker Furnishings Corporation Common Stock,2514,2016-07-18,2026-07-17,57.53840095252322,373431.9925308227,151672098.0,中波动,中流动性,微盘（<0.3B）,历史≥1年,中流动性－中波动
HOLO,MicroCloud Hologram Inc. Ordinary Shares,1241,2021-08-06,2026-07-17,73.17874159800503,1611774.4760274887,34139416.0,中波动,中流动性,微盘（<0.3B）,历史≥1年,中流动性－中波动
HPK,"HighPeak Energy, Inc. Common Stock",2045,2018-05-29,2026-07-17,78.77270600373167,4029976.036834717,930627436.0,中波动,中流动性,小盘（0.3B–2B）,历史≥1年,中流动性－中波动
HRTX,"Heron Therapeutics, Inc. Common Stock",2514,2016-07-18,2026-07-17,83.14257873538654,1731059.0658307076,89093799.0,中波动,中流动性,微盘（<0.3B）,历史≥1年,中流动性－中波动
HYPR,"Hyperfine, Inc. Class A Common Stock",1373,2021-01-28,2026-07-17,90.9344186169179,561467.4884736538,92390902.0,中波动,中流动性,微盘（<0.3B）,历史≥1年,中流动性－中波动
IDN,"Intellicheck, Inc. Common Stock",2514,2016-07-18,2026-07-17,79.72067255994783,926919.0278053284,75537054.0,中波动,中流动性,微盘（<0.3B）,历史≥1年,中流动性－中波动
IKT,"Inhibikase Therapeutics, Inc. Common Stock",1396,2020-12-23,2026-07-17,69.1726352398871,824522.9913115501,278588862.0,中波动,中流动性,微盘（<0.3B）,历史≥1年,中流动性－中波动
IMMX,"Immix Biopharma, Inc. Common Stock",1149,2021-12-16,2026-07-17,84.76795643456003,4748443.336772919,715353814.0,中波动,中流动性,小盘（0.3B–2B）,历史≥1年,中流动性－中波动
IMTX,Immatics N.V. Ordinary Shares,1908,2018-12-12,2026-07-17,63.83881897440007,4024087.0524406433,1285986164.0,中波动,中流动性,小盘（0.3B–2B）,历史≥1年,中流动性－中波动
IMUX,"Immunic, Inc. Common Stock",2514,2016-07-18,2026-07-17,81.11989693955978,1491909.5497512815,206502334.0,中波动,中流动性,微盘（<0.3B）,历史≥1年,中流动性－中波动
IMXI,"International Money Express, Inc. Common Stock",2340,2017-03-27,2026-07-17,63.39842553305875,4507380.083322525,403868083.0,中波动,中流动性,小盘（0.3B–2B）,历史≥1年,中流动性－中波动
INMB,INmune Bio Inc. Common stock,1873,2019-02-04,2026-07-17,77.62679036139724,627033.0035090446,50511990.0,中波动,中流动性,微盘（<0.3B）,历史≥1年,中流动性－中波动
INNV,InnovAge Holding Corp. Common Stock,1349,2021-03-04,2026-07-17,83.14507820085304,1130374.9958992004,1560968520.0,中波动,中流动性,小盘（0.3B–2B）,历史≥1年,中流动性－中波动
INO,"Inovio Pharmaceuticals, Inc. Common Stock",2514,2016-07-18,2026-07-17,78.53777505055038,2005025.4810512064,92146025.0,中波动,中流动性,微盘（<0.3B）,历史≥1年,中流动性－中波动
INSG,Inseego Corp. Common Stock,2514,2016-07-18,2026-07-17,77.35677695492743,2431319.96884346,121912535.0,中波动,中流动性,微盘（<0.3B）,历史≥1年,中流动性－中波动
INTG,Intergroup Corporation (The) Common Stock,2514,2016-07-18,2026-07-17,80.61192565363072,413189.99519348145,83975573.0,中波动,中流动性,微盘（<0.3B）,历史≥1年,中流动性－中波动
INVZ,Innoviz Technologies Ltd. Ordinary shares,1520,2020-06-29,2026-07-17,87.89523979942737,4005512.254685163,128714137.0,中波动,中流动性,微盘（<0.3B）,历史≥1年,中流动性－中波动
IRD,"Opus Genetics, Inc. Common Stock",2514,2016-07-18,2026-07-17,72.33566019167088,1553414.9650931358,269990280.0,中波动,中流动性,微盘（<0.3B）,历史≥1年,中流动性－中波动
ISSC,"Innovative Solutions and Support, Inc. Common Stock",2514,2016-07-18,2026-07-17,82.70749090742476,7334990.074157715,330300110.0,中波动,中流动性,小盘（0.3B–2B）,历史≥1年,中流动性－中波动
JBIO,"Jade Biosciences, Inc. Common Stock",1267,2021-06-30,2026-07-17,76.89822697922459,3584052.964782715,1029646993.0,中波动,中流动性,小盘（0.3B–2B）,历史≥1年,中流动性－中波动
KGEI,Kolibri Global Energy Inc. Common stock,2514,2016-07-18,2026-07-17,53.762685358460594,561514.491891861,187020606.0,中波动,中流动性,微盘（<0.3B）,历史≥1年,中流动性－中波动
KLTR,"Kaltura, Inc. Common Stock",1253,2021-07-21,2026-07-17,65.45055130645085,445783.0019235611,209020891.0,中波动,中流动性,微盘（<0.3B）,历史≥1年,中流动性－中波动
KMTS,"Kestra Medical Technologies, Ltd. Common Stock",343,2025-03-06,2026-07-17,65.30894908021618,5974919.890880585,1431072977.0,中波动,中流动性,小盘（0.3B–2B）,历史≥1年,中流动性－中波动
KVHI,"KVH Industries, Inc. Common Stock",2514,2016-07-18,2026-07-17,57.14804409470848,382310.9992027283,177819489.0,中波动,中流动性,微盘（<0.3B）,历史≥1年,中流动性－中波动
LAB,Standard BioTools Inc. Common Stock,2514,2016-07-18,2026-07-17,68.04057817603648,1908678.0031859877,349340430.0,中波动,中流动性,小盘（0.3B–2B）,历史≥1年,中流动性－中波动
LAKE,"Lakeland Industries, Inc. Common Stock",2514,2016-07-18,2026-07-17,70.25387843628427,1204636.0231399536,112804545.0,中波动,中流动性,微盘（<0.3B）,历史≥1年,中流动性－中波动
LE,"Lands' End, Inc. Common Stock",2514,2016-07-18,2026-07-17,67.2545501215389,3177542.953777313,356594057.0,中波动,中流动性,小盘（0.3B–2B）,历史≥1年,中流动性－中波动
LFCR,"Lifecore Biomedical, Inc. Common Stock",2514,2016-07-18,2026-07-17,60.47914314111797,999830.4796457292,175544025.0,中波动,中流动性,微盘（<0.3B）,历史≥1年,中流动性－中波动
LFVN,Lifevantage Corporation Common Stock (Delaware),2514,2016-07-18,2026-07-17,76.82537296736271,1010584.4986915588,78218096.0,中波动,中流动性,微盘（<0.3B）,历史≥1年,中流动性－中波动
LNSR,"LENSAR, Inc. Common Stock",1453,2020-10-02,2026-07-17,56.21843891376464,442323.0125427246,71233170.0,中波动,中流动性,微盘（<0.3B）,历史≥1年,中流动性－中波动
LOVE,The Lovesac Company Common Stock,2024,2018-06-27,2026-07-17,57.477295423402154,4318754.957675934,266492400.0,中波动,中流动性,微盘（<0.3B）,历史≥1年,中流动性－中波动
LPRO,Open Lending Corporation Common Stock,2089,2018-03-26,2026-07-17,84.00194318641522,1173895.0107693672,371201637.0,中波动,中流动性,小盘（0.3B–2B）,历史≥1年,中流动性－中波动
LPSN,"LivePerson, Inc. Common Stock",2514,2016-07-18,2026-07-17,86.08917930284451,631781.3005304337,20455725.0,中波动,中流动性,微盘（<0.3B）,历史≥1年,中流动性－中波动
LTRX,"Lantronix, Inc. Common Stock",2514,2016-07-18,2026-07-17,78.29656193140838,2741097.0402002335,206649867.0,中波动,中流动性,微盘（<0.3B）,历史≥1年,中流动性－中波动
LUCD,Lucid Diagnostics Inc. Common Stock,1193,2021-10-14,2026-07-17,64.76632899639954,846547.4143356085,192954057.0,中波动,中流动性,微盘（<0.3B）,历史≥1年,中流动性－中波动
LXEO,"Lexeo Therapeutics, Inc. Common Stock",676,2023-11-03,2026-07-17,78.44478402611423,4556059.959626198,368266463.0,中波动,中流动性,小盘（0.3B–2B）,历史≥1年,中流动性－中波动
LXRX,"Lexicon Pharmaceuticals, Inc. Common Stock",2514,2016-07-18,2026-07-17,78.94513508849991,3237084.0481340885,1061629372.0,中波动,中流动性,小盘（0.3B–2B）,历史≥1年,中流动性－中波动
LYEL,"Lyell Immunopharma, Inc. Common Stock",1276,2021-06-17,2026-07-17,84.07512985316043,1421936.4778995514,326398049.0,中波动,中流动性,小盘（0.3B–2B）,历史≥1年,中流动性－中波动
MAMA,"Mama's Creations, Inc. Common Stock",1255,2021-07-19,2026-07-17,55.88941464205642,4345320.976924896,704197842.0,中波动,中流动性,小盘（0.3B–2B）,历史≥1年,中流动性－中波动
MASS,908 Devices Inc. Common Stock,1399,2020-12-18,2026-07-17,62.11742016592356,1935626.5143871307,277930114.0,中波动,中流动性,微盘（<0.3B）,历史≥1年,中流动性－中波动
MBOT,Microbot Medical Inc. Common Stock,2514,2016-07-18,2026-07-17,80.6491501341784,3812282.93902874,117538402.0,中波动,中流动性,微盘（<0.3B）,历史≥1年,中流动性－中波动
MBUU,"Malibu Boats, Inc. Class A Common Stock",2514,2016-07-18,2026-07-17,53.339238367688544,6248105.981254578,553175783.0,中波动,中流动性,小盘（0.3B–2B）,历史≥1年,中流动性－中波动
MDAI,"Spectral AI, Inc. Class A Common Stock",1327,2021-04-06,2026-07-17,70.28008311601974,654855.2586913109,53146055.0,中波动,中流动性,微盘（<0.3B）,历史≥1年,中流动性－中波动
MDXH,MDxHealth SA Ordinary Shares,1178,2021-11-04,2026-07-17,84.99979195655514,415313.9967083931,21716919.0,中波动,中流动性,微盘（<0.3B）,历史≥1年,中流动性－中波动
MERC,Mercer International Inc. Common Stock,2514,2016-07-18,2026-07-17,80.87049207456826,952021.4982658623,43994110.0,中波动,中流动性,微盘（<0.3B）,历史≥1年,中流动性－中波动
METCB,"Ramaco Resources, Inc. Class B Common Stock",773,2023-06-16,2026-07-17,75.67298095159936,621740.6328148842,531709936.0,中波动,中流动性,小盘（0.3B–2B）,历史≥1年,中流动性－中波动
MGNX,"MacroGenics, Inc. Common Stock",2514,2016-07-18,2026-07-17,91.38596982626,1675123.0423510077,285398422.0,中波动,中流动性,微盘（<0.3B）,历史≥1年,中流动性－中波动
MGTX,MeiraGTx Holdings plc Ordinary Shares,2037,2018-06-08,2026-07-17,59.365019461179735,3614641.5074825287,1152062379.0,中波动,中流动性,小盘（0.3B–2B）,历史≥1年,中流动性－中波动
MGX,"Metagenomi Therapeutics, Inc. Common Stock",610,2024-02-09,2026-07-17,67.8687374707734,403805.9952318669,46682104.0,中波动,中流动性,微盘（<0.3B）,历史≥1年,中流动性－中波动
MIND,"MIND Technology, Inc. Common Stock (DE)",2514,2016-07-18,2026-07-17,83.91159869169273,1385451.467704773,46990414.0,中波动,中流动性,微盘（<0.3B）,历史≥1年,中流动性－中波动
MITK,"Mitek Systems, Inc. Common Stock",2514,2016-07-18,2026-07-17,51.010838233954615,6595940.515708923,856663403.0,中波动,中流动性,小盘（0.3B–2B）,历史≥1年,中流动性－中波动
MPAA,"Motorcar Parts  of America, Inc. Common Stock",2514,2016-07-18,2026-07-17,67.46886491692365,1494399.0058422089,264947452.0,中波动,中流动性,微盘（<0.3B）,历史≥1年,中流动性－中波动
MRVI,"Maravai LifeSciences Holdings, Inc. Class A Common Stock",1418,2020-11-20,2026-07-17,71.19515088200535,4548814.99683857,1869297367.0,中波动,中流动性,小盘（0.3B–2B）,历史≥1年,中流动性－中波动
MXCT,"MaxCyte, Inc. Common Stock",1246,2021-07-30,2026-07-17,74.05957729211687,911005.0304591656,132830873.0,中波动,中流动性,微盘（<0.3B）,历史≥1年,中流动性－中波动
MYGN,"Myriad Genetics, Inc. Common Stock",2514,2016-07-18,2026-07-17,78.65489055013887,6785084.114646912,583689938.0,中波动,中流动性,小盘（0.3B–2B）,历史≥1年,中流动性－中波动
NCSM,"NCS Multistage Holdings, Inc. Common Stock",2317,2017-04-28,2026-07-17,75.96639261444066,557964.0031814575,114402958.0,中波动,中流动性,微盘（<0.3B）,历史≥1年,中流动性－中波动
NGEN,NervGen Pharma Corp. Common stock,1832,2019-04-03,2026-07-17,88.69087324614154,452119.0036296845,137262537.0,中波动,中流动性,微盘（<0.3B）,历史≥1年,中流动性－中波动
NGNE,Neurogene Inc. Common Stock ,2514,2016-07-18,2026-07-17,83.1975980368644,3297780.050468445,713209976.0,中波动,中流动性,小盘（0.3B–2B）,历史≥1年,中流动性－中波动
NKTX,"Nkarta, Inc. Common Stock",1512,2020-07-10,2026-07-17,75.02183956522617,1458600.0252366066,186017931.0,中波动,中流动性,微盘（<0.3B）,历史≥1年,中流动性－中波动
NNBR,"NN, Inc. Common Stock",2514,2016-07-18,2026-07-17,83.67765875847178,430767.00270175934,245760945.0,中波动,中流动性,微盘（<0.3B）,历史≥1年,中流动性－中波动
NPCE,"Neuropace, Inc. Common Stock",1315,2021-04-22,2026-07-17,60.96548546683434,2269377.006912231,548227420.0,中波动,中流动性,小盘（0.3B–2B）,历史≥1年,中流动性－中波动
NRC,NRC Health Common Stock,2514,2016-07-18,2026-07-17,56.41990734008064,1497414.0523910522,490849239.0,中波动,中流动性,小盘（0.3B–2B）,历史≥1年,中流动性－中波动
NRXP,"NRX Pharmaceuticals, Inc. Common Stock",2165,2017-12-04,2026-07-17,87.54779262040536,1387437.0060920715,154697796.0,中波动,中流动性,微盘（<0.3B）,历史≥1年,中流动性－中波动
NVCT,"Nuvectis Pharma, Inc. Common Stock",1115,2022-02-04,2026-07-17,82.98420852578646,595031.5050125122,603398702.0,中波动,中流动性,小盘（0.3B–2B）,历史≥1年,中流动性－中波动
NVEC,NVE Corporation Common Stock,2514,2016-07-18,2026-07-17,52.50294912089623,3262283.3656311035,417495797.0,中波动,中流动性,小盘（0.3B–2B）,历史≥1年,中流动性－中波动
OABI,"OmniAb, Inc. Common Stock",1203,2021-09-30,2026-07-17,62.475586086771315,764800.0070810318,307341867.0,中波动,中流动性,小盘（0.3B–2B）,历史≥1年,中流动性－中波动
OBIO,"Orchestra BioMed Holdings, Inc. Ordinary Shares",1495,2020-08-04,2026-07-17,71.58750772720029,773952.9896855354,220361031.0,中波动,中流动性,微盘（<0.3B）,历史≥1年,中流动性－中波动
OCGN,"Ocugen, Inc. Common Stock",2514,2016-07-18,2026-07-17,81.15999698601641,6832778.574502468,460389724.0,中波动,中流动性,小盘（0.3B–2B）,历史≥1年,中流动性－中波动
OCS,Oculis Holding AG Ordinary shares,1297,2021-05-18,2026-07-17,65.11844221396379,3963637.480735779,706830299.0,中波动,中流动性,小盘（0.3B–2B）,历史≥1年,中流动性－中波动
ONCY,"Oncolytics Biotech, Inc. Common Stock",2514,2016-07-18,2026-07-17,88.32571426330061,885812.4862134455,101844825.0,中波动,中流动性,微盘（<0.3B）,历史≥1年,中流动性－中波动
ONEW,OneWater Marine Inc. Class A Common Stock,1618,2020-02-07,2026-07-17,57.295108083011506,1562270.492696762,223838277.0,中波动,中流动性,微盘（<0.3B）,历史≥1年,中流动性－中波动
OPAL,OPAL Fuels Inc. Class A Common Stock,1293,2021-05-24,2026-07-17,76.80892251366511,427276.9957780838,442134150.0,中波动,中流动性,小盘（0.3B–2B）,历史≥1年,中流动性－中波动
OPRT,Oportun Financial Corporation Common Stock,1710,2019-09-26,2026-07-17,57.23193034944332,2505935.5241298676,275415402.0,中波动,中流动性,微盘（<0.3B）,历史≥1年,中流动性－中波动
OPRX,OptimizeRx Corporation Common Stock,2514,2016-07-18,2026-07-17,78.45811187512547,3244700.9229421616,125538352.0,中波动,中流动性,微盘（<0.3B）,历史≥1年,中流动性－中波动
OPXS,"Optex Systems Holdings, Inc. Common Stock",2514,2016-07-18,2026-07-17,69.99624592993662,507350.9999275207,88807979.0,中波动,中流动性,微盘（<0.3B）,历史≥1年,中流动性－中波动
ORGO,Organogenesis Holdings Inc. Class A Common Stock,2395,2017-01-05,2026-07-17,74.53533781479287,2639128.494644165,337127316.0,中波动,中流动性,小盘（0.3B–2B）,历史≥1年,中流动性－中波动
ORMP,Oramed Pharmaceuticals Inc. Common Stock,2514,2016-07-18,2026-07-17,54.000334311044305,396179.00322675705,164932106.0,中波动,中流动性,微盘（<0.3B）,历史≥1年,中流动性－中波动
PAL,"Proficient Auto Logistics, Inc. Common Stock",548,2024-05-09,2026-07-17,77.1611639190286,1502969.9859142303,197445226.0,中波动,中流动性,微盘（<0.3B）,历史≥1年,中流动性－中波动
PAYS,"Paysign, Inc. Common Stock",2514,2016-07-18,2026-07-17,70.48646021690857,2764947.002363205,477994359.0,中波动,中流动性,小盘（0.3B–2B）,历史≥1年,中流动性－中波动
PBYI,Puma Biotechnology Inc Common Stock,2514,2016-07-18,2026-07-17,69.5370730617605,2192127.441215515,434172360.0,中波动,中流动性,小盘（0.3B–2B）,历史≥1年,中流动性－中波动
PDEX,"Pro-Dex, Inc. Common Stock",2514,2016-07-18,2026-07-17,65.13136462711931,1349194.038772583,183200511.0,中波动,中流动性,微盘（<0.3B）,历史≥1年,中流动性－中波动
PESI,"Perma-Fix Environmental Services, Inc. Common Stock",2514,2016-07-18,2026-07-17,70.03637984663673,1669636.5194797516,370214018.0,中波动,中流动性,小盘（0.3B–2B）,历史≥1年,中流动性－中波动
PHVS,Pharvaris N.V. Ordinary Shares,1367,2021-02-05,2026-07-17,56.600887798086866,5098999.900150299,2434145868.0,中波动,中流动性,中盘（2B–10B）,历史≥1年,中流动性－中波动
PLBY,"Playboy, Inc. Common Stock",1476,2020-08-31,2026-07-17,78.68334656475122,761603.5130858421,135681461.0,中波动,中流动性,微盘（<0.3B）,历史≥1年,中流动性－中波动
PLRX,"Pliant Therapeutics, Inc. Common Stock",1538,2020-06-03,2026-07-17,55.87882640364291,820862.7530395985,71208286.0,中波动,中流动性,微盘（<0.3B）,历史≥1年,中流动性－中波动
PLSE,"Pulse Biosciences, Inc Common Stock (DE)",2514,2016-07-18,2026-07-17,86.31364087734008,3739219.609737396,1984934540.0,中波动,中流动性,小盘（0.3B–2B）,历史≥1年,中流动性－中波动
PLTK,Playtika Holding Corp. Common Stock,1380,2021-01-19,2026-07-17,53.89097171305537,5125626.951909065,1527223873.0,中波动,中流动性,小盘（0.3B–2B）,历史≥1年,中流动性－中波动
PMTS,CPI Card Group Inc. Common Stock,2514,2016-07-18,2026-07-17,77.00671495256913,624285.9817504883,215856186.0,中波动,中流动性,微盘（<0.3B）,历史≥1年,中流动性－中波动
PMVP,"PMV Pharmaceuticals, Inc. Common Stock",1458,2020-09-25,2026-07-17,71.32166626355485,420938.00597190857,71464566.0,中波动,中流动性,微盘（<0.3B）,历史≥1年,中流动性－中波动
PPIH,"Perma-Pipe International Holdings, Inc. Common Stock",2514,2016-07-18,2026-07-17,63.1837889331035,2640791.063976288,206555624.0,中波动,中流动性,微盘（<0.3B）,历史≥1年,中流动性－中波动
PPSI,"Pioneer Power Solutions, Inc. Common Stock",2514,2016-07-18,2026-07-17,91.00664974585553,422675.5131006241,35951902.0,中波动,中流动性,微盘（<0.3B）,历史≥1年,中流动性－中波动
PRAA,"PRA Group, Inc. Common Stock",2514,2016-07-18,2026-07-17,58.491430324502915,5851564.536380768,691112891.0,中波动,中流动性,小盘（0.3B–2B）,历史≥1年,中流动性－中波动
PROF,Profound Medical Corp. Common Stock,1687,2019-10-29,2026-07-17,72.6187902837454,466749.5077610016,248912813.0,中波动,中流动性,微盘（<0.3B）,历史≥1年,中流动性－中波动
PROK,ProKidney Corp. Class A Ordinary Shares,1267,2021-06-30,2026-07-17,86.54154080058946,2501845.9948062897,489336594.0,中波动,中流动性,小盘（0.3B–2B）,历史≥1年,中流动性－中波动
PRQR,ProQR Therapeutics N.V. Ordinary Shares,2514,2016-07-18,2026-07-17,76.45180201199715,838286.9843244553,239906509.0,中波动,中流动性,微盘（<0.3B）,历史≥1年,中流动性－中波动
PRTH,"Priority Technology Holdings, Inc. Common Stock",2415,2016-12-06,2026-07-17,56.96306760874255,2264625.085711479,550956087.0,中波动,中流动性,小盘（0.3B–2B）,历史≥1年,中流动性－中波动
PRTS,"CarParts.com, Inc. Common Stock",2514,2016-07-18,2026-07-17,79.11935177027861,409825.00749111176,42923380.0,中波动,中流动性,微盘（<0.3B）,历史≥1年,中流动性－中波动
PUBM,"PubMatic, Inc. Class A Common Stock",1406,2020-12-09,2026-07-17,69.84827467828114,5342662.481307983,591223527.0,中波动,中流动性,小盘（0.3B–2B）,历史≥1年,中流动性－中波动
QTRX,Quanterix Corporation Common Stock,2162,2017-12-07,2026-07-17,79.52927244136984,3294891.370844841,182064617.0,中波动,中流动性,微盘（<0.3B）,历史≥1年,中流动性－中波动
QUIK,QuickLogic Corporation Common Stock,2514,2016-07-18,2026-07-17,83.52505097883491,1412915.0119543076,236922478.0,中波动,中流动性,微盘（<0.3B）,历史≥1年,中流动性－中波动
RAIL,"FreightCar America, Inc. Common Stock",2514,2016-07-18,2026-07-17,59.7399763538616,1446563.4573936462,246473715.0,中波动,中流动性,微盘（<0.3B）,历史≥1年,中流动性－中波动
RBBN,Ribbon Communications Inc. Common Stock,2514,2016-07-18,2026-07-17,60.42627384328936,1900781.983244419,387505947.0,中波动,中流动性,小盘（0.3B–2B）,历史≥1年,中流动性－中波动
RCKT,"Rocket Pharmaceuticals, Inc. Common Stock",2514,2016-07-18,2026-07-17,76.6780647097915,7373326.009535789,375625809.0,中波动,中流动性,小盘（0.3B–2B）,历史≥1年,中流动性－中波动
RCKY,"Rocky Brands, Inc. Common Stock",2514,2016-07-18,2026-07-17,56.37485740670631,1565682.9679489136,308743401.0,中波动,中流动性,小盘（0.3B–2B）,历史≥1年,中流动性－中波动
RCMT,"RCM Technologies, Inc. Common Stock",2514,2016-07-18,2026-07-17,52.75236914031842,1033890.009880066,196256032.0,中波动,中流动性,微盘（<0.3B）,历史≥1年,中流动性－中波动
REKR,"Rekor Systems, Inc. Common Stock",2232,2017-08-29,2026-07-17,82.029812813171,2738636.716532707,77941236.0,中波动,中流动性,微盘（<0.3B）,历史≥1年,中流动性－中波动
RELL,"Richardson Electronics, Ltd. Common Stock",2514,2016-07-18,2026-07-17,61.29724302930145,879725.9744644165,250087920.0,中波动,中流动性,微盘（<0.3B）,历史≥1年,中流动性－中波动
RGNX,REGENXBIO Inc. Common Stock,2514,2016-07-18,2026-07-17,90.74886662820504,7139955.955886841,511289472.0,中波动,中流动性,小盘（0.3B–2B）,历史≥1年,中流动性－中波动
RJET,Republic Airways Holdings Inc. Common Stock,1993,2018-08-10,2026-07-17,63.13754036575743,986918.0267333984,805935282.0,中波动,中流动性,小盘（0.3B–2B）,历史≥1年,中流动性－中波动
RNAC,"Cartesian Therapeutics, Inc. Common Stock",2514,2016-07-18,2026-07-17,85.80081375297424,932813.9804840088,242691306.0,中波动,中流动性,微盘（<0.3B）,历史≥1年,中流动性－中波动
RPAY,Repay Holdings Corporation Class A Common Stock,2011,2018-07-17,2026-07-17,71.66207832594375,3559303.9713978767,347931543.0,中波动,中流动性,小盘（0.3B–2B）,历史≥1年,中流动性－中波动
RRGB,"Red Robin Gourmet Burgers, Inc. Common Stock",2514,2016-07-18,2026-07-17,75.48964115378487,1090171.482181549,129682554.0,中波动,中流动性,微盘（<0.3B）,历史≥1年,中流动性－中波动
RXST,"RxSight, Inc. Common Stock",1246,2021-07-30,2026-07-17,65.63900242466633,6389292.589187622,229751180.0,中波动,中流动性,微盘（<0.3B）,历史≥1年,中流动性－中波动
SABS,"SAB Biotherapeutics, Inc. Common Stock",1365,2021-02-09,2026-07-17,77.75244135858598,1109639.9859189987,270682893.0,中波动,中流动性,微盘（<0.3B）,历史≥1年,中流动性－中波动
SBGI,"Sinclair, Inc. Class A Common Stock",2514,2016-07-18,2026-07-17,51.126167137265746,5784272.601175308,997328329.0,中波动,中流动性,小盘（0.3B–2B）,历史≥1年,中流动性－中波动
SENS,"Senseonics Holdings, Inc. Common Stock",2514,2016-07-18,2026-07-17,74.36781504239266,2886874.9863624573,213613151.0,中波动,中流动性,微盘（<0.3B）,历史≥1年,中流动性－中波动
SEPN,"Septerna, Inc. Common Stock",431,2024-10-25,2026-07-17,65.16217291115903,6812379.018974304,1505522802.0,中波动,中流动性,小盘（0.3B–2B）,历史≥1年,中流动性－中波动
SFIX,"Stitch Fix, Inc. Class A Common Stock",2175,2017-11-17,2026-07-17,64.79315316272786,8475771.426343918,505683994.0,中波动,中流动性,小盘（0.3B–2B）,历史≥1年,中流动性－中波动
SGHT,"Sight Sciences, Inc. Common Stock",1257,2021-07-15,2026-07-17,82.0236892344111,840552.4909257889,273682008.0,中波动,中流动性,微盘（<0.3B）,历史≥1年,中流动性－中波动
SGMT,Sagimet Biosciences Inc. Series A Common Stock,755,2023-07-14,2026-07-17,86.67098849448023,3684880.495333672,482899131.0,中波动,中流动性,小盘（0.3B–2B）,历史≥1年,中流动性－中波动
SIGA,SIGA Technologies Inc. Common Stock,2514,2016-07-18,2026-07-17,51.25485421001331,2639945.00041008,246730894.0,中波动,中流动性,微盘（<0.3B）,历史≥1年,中流动性－中波动
SILC,Silicom Ltd Ordinary Shares,2514,2016-07-18,2026-07-17,83.19831912662424,469018.0018424988,253239741.0,中波动,中流动性,微盘（<0.3B）,历史≥1年,中流动性－中波动
SKYX,SKYX Platforms Corp. Common Stock,1111,2022-02-10,2026-07-17,89.23608850323525,1323826.4713346958,158691221.0,中波动,中流动性,微盘（<0.3B）,历史≥1年,中流动性－中波动
SLDB,Solid Biosciences Inc. Common Stock,2129,2018-01-26,2026-07-17,81.03431914296374,6644582.962846756,858480564.0,中波动,中流动性,小盘（0.3B–2B）,历史≥1年,中流动性－中波动
SMTI,Sanara MedTech Inc. Common Stock,2514,2016-07-18,2026-07-17,63.057077931508445,994125.9711265564,229099225.0,中波动,中流动性,微盘（<0.3B）,历史≥1年,中流动性－中波动
SND,"Smart Sand, Inc. Common Stock",2436,2016-11-04,2026-07-17,67.79003031576792,1071580.0049304962,205041698.0,中波动,中流动性,微盘（<0.3B）,历史≥1年,中流动性－中波动
SOPH,SOPHiA GENETICS SA Ordinary Shares,1251,2021-07-23,2026-07-17,65.80351165465126,410729.0015697479,421409448.0,中波动,中流动性,小盘（0.3B–2B）,历史≥1年,中流动性－中波动
SPCB,"SuperCom, Ltd. Ordinary Shares (Israel)",2514,2016-07-18,2026-07-17,71.29856672258497,652975.4977226257,66635596.0,中波动,中流动性,微盘（<0.3B）,历史≥1年,中流动性－中波动
SPRO,"Spero Therapeutics, Inc. Common Stock",2186,2017-11-02,2026-07-17,63.57511291667112,913865.4814958572,91484359.0,中波动,中流动性,微盘（<0.3B）,历史≥1年,中流动性－中波动
SPWH,"Sportsman's Warehouse Holdings, Inc. Common Stock",2514,2016-07-18,2026-07-17,75.5677102315704,629828.9947450161,45653160.0,中波动,中流动性,微盘（<0.3B）,历史≥1年,中流动性－中波动
SPWR,SunPower Inc. Common Stock,887,2023-01-03,2026-07-17,75.66227023337687,1880988.9393806455,90590721.0,中波动,中流动性,微盘（<0.3B）,历史≥1年,中流动性－中波动
SRTA,"Strata Critical Medical, Inc. Class A Common Stock",1682,2019-11-05,2026-07-17,63.71914829293562,3954136.591649055,445611836.0,中波动,中流动性,小盘（0.3B–2B）,历史≥1年,中流动性－中波动
SRZN,"Surrozen, Inc. Common Stock",1385,2021-01-11,2026-07-17,73.91176796968755,1385369.505405426,254963747.0,中波动,中流动性,微盘（<0.3B）,历史≥1年,中流动性－中波动
SSTI,"SoundThinking, Inc. Common Stock",2290,2017-06-07,2026-07-17,60.17854527669595,879282.9958438873,111274319.0,中波动,中流动性,微盘（<0.3B）,历史≥1年,中流动性－中波动
SSYS,"Stratasys, Ltd. Ordinary Shares (Israel)",2514,2016-07-18,2026-07-17,56.04170858044749,6883517.084503174,701444467.0,中波动,中流动性,小盘（0.3B–2B）,历史≥1年,中流动性－中波动
STGW,Stagwell Inc. Class A Common Stock,2514,2016-07-18,2026-07-17,57.05429952307545,7813963.337159157,1861460150.0,中波动,中流动性,小盘（0.3B–2B）,历史≥1年,中流动性－中波动
STRO,"Sutro Biopharma, Inc. Common Stock",1960,2018-09-27,2026-07-17,90.79312163914828,1517693.0373430252,390565247.0,中波动,中流动性,小盘（0.3B–2B）,历史≥1年,中流动性－中波动
SVRA,Savara Inc. Common Stock,2317,2017-04-28,2026-07-17,54.53327648154609,6843903.376460075,1131198210.0,中波动,中流动性,小盘（0.3B–2B）,历史≥1年,中流动性－中波动
TARA,"Protara Therapeutics, Inc.  Common Stock",2514,2016-07-18,2026-07-17,79.38426373206434,2665446.006464958,230437372.0,中波动,中流动性,微盘（<0.3B）,历史≥1年,中流动性－中波动
TASK,"TaskUs, Inc. Class A Common Stock",1280,2021-06-11,2026-07-17,56.46156934948807,3863928.935241699,533900935.0,中波动,中流动性,小盘（0.3B–2B）,历史≥1年,中流动性－中波动
TATT,TAT Technologies Ltd. Ordinary Shares,2514,2016-07-18,2026-07-17,64.20011633528881,6060134.302711487,521922107.0,中波动,中流动性,小盘（0.3B–2B）,历史≥1年,中流动性－中波动
TAYD,"Taylor Devices, Inc. Common Stock",2514,2016-07-18,2026-07-17,57.3892858532843,1085257.520866394,175988853.0,中波动,中流动性,微盘（<0.3B）,历史≥1年,中流动性－中波动
TCMD,"Tactile Systems Technology, Inc. Common Stock",2506,2016-07-28,2026-07-17,66.95879346243332,6017535.070037842,648266912.0,中波动,中流动性,小盘（0.3B–2B）,历史≥1年,中流动性－中波动
TCRX,"TScan Therapeutics, Inc. Common Stock",1256,2021-07-16,2026-07-17,87.27416819628122,600563.9879465103,59782927.0,中波动,中流动性,微盘（<0.3B）,历史≥1年,中流动性－中波动
TCX,Tucows Inc. Class A Common Stock,2514,2016-07-18,2026-07-17,51.055091798529304,384583.9958190918,113944548.0,中波动,中流动性,微盘（<0.3B）,历史≥1年,中流动性－中波动
TECX,"Tectonic Therapeutic, Inc. Common Stock",2028,2018-06-21,2026-07-17,81.85393722700017,6176176.054859161,615135464.0,中波动,中流动性,小盘（0.3B–2B）,历史≥1年,中流动性－中波动
TENX,"Tenax Therapeutics, Inc. Common Stock",2514,2016-07-18,2026-07-17,74.51842728732191,2276581.94026947,420423770.0,中波动,中流动性,小盘（0.3B–2B）,历史≥1年,中流动性－中波动
TH,Target Hospitality Corp. Common Stock,2099,2018-03-12,2026-07-17,62.60554764400547,3654228.0488967896,1629218224.0,中波动,中流动性,小盘（0.3B–2B）,历史≥1年,中流动性－中波动
THRY,"Thryv Holdings, Inc. Common Stock",2073,2018-04-18,2026-07-17,87.00165546708718,4217987.936210632,170524927.0,中波动,中流动性,微盘（<0.3B）,历史≥1年,中流动性－中波动
TIL,"Instil Bio, Inc. Common Stock",1338,2021-03-19,2026-07-17,81.95535444172377,572026.4880180359,50322262.0,中波动,中流动性,微盘（<0.3B）,历史≥1年,中流动性－中波动
TKNO,"Alpha Teknova, Inc. Common Stock",1270,2021-06-25,2026-07-17,81.19641367114588,680615.5331134796,290588032.0,中波动,中流动性,微盘（<0.3B）,历史≥1年,中流动性－中波动
TLSI,"TriSalus Life Sciences, Inc. Common Stock",1366,2021-02-08,2026-07-17,82.07092371271769,642229.0202140808,263476935.0,中波动,中流动性,微盘（<0.3B）,历史≥1年,中流动性－中波动
TMCI,"Treace Medical Concepts, Inc. Common Stock",1314,2021-04-23,2026-07-17,85.48388952984286,1790653.4428358078,278953797.0,中波动,中流动性,微盘（<0.3B）,历史≥1年,中流动性－中波动
TNXP,Tonix Pharmaceuticals Holding Corp. Common Stock,2514,2016-07-18,2026-07-17,86.08376719323985,8661878.588199615,198144156.0,中波动,中流动性,微盘（<0.3B）,历史≥1年,中流动性－中波动
TOI,"The Oncology Institute, Inc. Common Stock",1537,2020-06-04,2026-07-17,76.41073786647135,6320727.043390274,534908692.0,中波动,中流动性,小盘（0.3B–2B）,历史≥1年,中流动性－中波动
TRDA,"Entrada Therapeutics, Inc. Common Stock",1182,2021-10-29,2026-07-17,85.57710014818583,1888721.9955682757,267474044.0,中波动,中流动性,微盘（<0.3B）,历史≥1年,中流动性－中波动
TTEC,"TTEC Holdings, Inc. Common Stock",2514,2016-07-18,2026-07-17,87.01772312630881,1078634.995687008,105102103.0,中波动,中流动性,微盘（<0.3B）,历史≥1年,中流动性－中波动
TTGT,"TechTarget, Inc. Common Stock",2514,2016-07-18,2026-07-17,71.76688183574103,2218833.064186573,268953928.0,中波动,中流动性,微盘（<0.3B）,历史≥1年,中流动性－中波动
TUSK,"Mammoth Energy Services, Inc. Common Stock",2451,2016-10-14,2026-07-17,69.74531214355612,408304.0122270584,134877812.0,中波动,中流动性,微盘（<0.3B）,历史≥1年,中流动性－中波动
TWIN,"Twin Disc, Incorporated Common Stock",2514,2016-07-18,2026-07-17,60.819757057673975,677220.5003261566,325811662.0,中波动,中流动性,小盘（0.3B–2B）,历史≥1年,中流动性－中波动
TZOO,Travelzoo Common Stock,2514,2016-07-18,2026-07-17,59.5733280259888,930920.5053329468,112460016.0,中波动,中流动性,微盘（<0.3B）,历史≥1年,中流动性－中波动
ULH,"Universal Logistics Holdings, Inc. Common Stock",2514,2016-07-18,2026-07-17,80.46536301392135,850091.9930458069,376822884.0,中波动,中流动性,小盘（0.3B–2B）,历史≥1年,中流动性－中波动
UNCY,"Unicycive Therapeutics, Inc. Common Stock",1260,2021-07-12,2026-07-17,78.1075336271855,2810192.9758787155,147374485.0,中波动,中流动性,微盘（<0.3B）,历史≥1年,中流动性－中波动
UROY,Uranium Royalty Corp. Common Stock,1311,2021-04-28,2026-07-17,74.41635812196442,8519469.232535362,411615845.0,中波动,中流动性,小盘（0.3B–2B）,历史≥1年,中流动性－中波动
USAU,U.S. Gold Corp. Common Stock,2514,2016-07-18,2026-07-17,65.66708157343331,4190295.0652599335,235141573.0,中波动,中流动性,微盘（<0.3B）,历史≥1年,中流动性－中波动
USGO,U.S. GoldMining Inc. Common stock,813,2023-04-20,2026-07-17,71.67418673205283,614852.48670578,108571435.0,中波动,中流动性,微盘（<0.3B）,历史≥1年,中流动性－中波动
VNDA,Vanda Pharmaceuticals Inc. Common Stock,2514,2016-07-18,2026-07-17,81.78255766119102,5462790.59882164,327137457.0,中波动,中流动性,小盘（0.3B–2B）,历史≥1年,中流动性－中波动
VOXR,Vox Royalty Corp. Common Stock,1495,2020-08-04,2026-07-17,54.140046731192726,2292691.071629524,287533230.0,中波动,中流动性,微盘（<0.3B）,历史≥1年,中流动性－中波动
VRA,"Vera Bradley, Inc. Common Stock",2514,2016-07-18,2026-07-17,84.21451996343414,553565.9952282906,106643445.0,中波动,中流动性,微盘（<0.3B）,历史≥1年,中流动性－中波动
VREX,Varex Imaging Corporation Common Stock,2384,2017-01-23,2026-07-17,51.08247167475714,3463115.495824814,444155000.0,中波动,中流动性,小盘（0.3B–2B）,历史≥1年,中流动性－中波动
VTVT,vTv Therapeutics Inc. Class A Common Stock,2514,2016-07-18,2026-07-17,75.23208212671781,594624.5101928711,129510868.0,中波动,中流动性,微盘（<0.3B）,历史≥1年,中流动性－中波动
VYGR,"Voyager Therapeutics, Inc. Common Stock",2514,2016-07-18,2026-07-17,64.15572169935747,2145108.4787130356,191535480.0,中波动,中流动性,微盘（<0.3B）,历史≥1年,中流动性－中波动
WEST,Westrock Coffee Company Common Stock,1189,2021-10-20,2026-07-17,70.64587198975991,2202793.0534362793,749245148.0,中波动,中流动性,小盘（0.3B–2B）,历史≥1年,中流动性－中波动
WHWK,"Whitehawk Therapeutics, Inc. Common Stock",2114,2018-02-16,2026-07-17,78.48456331979774,470121.9960927963,209217150.0,中波动,中流动性,微盘（<0.3B）,历史≥1年,中流动性－中波动
WOOF,"Petco Health and Wellness Company, Inc. Class A Common Stock",1382,2021-01-14,2026-07-17,75.79513100443887,6032064.191353321,860127050.0,中波动,中流动性,小盘（0.3B–2B）,历史≥1年,中流动性－中波动
WW,"WW International, Inc.  Common Stock",265,2025-06-27,2026-07-17,90.03476901405963,5086717.97246933,145681933.0,中波动,中流动性,微盘（<0.3B）,历史≥1年,中流动性－中波动
XGN,Exagen Inc. Common Stock,1715,2019-09-19,2026-07-17,72.15779245127982,1483878.9769649506,106061693.0,中波动,中流动性,微盘（<0.3B）,历史≥1年,中流动性－中波动
XTIA,"XTI Aerospace, Inc. Common Stock",2514,2016-07-18,2026-07-17,88.63091919156828,2330654.4912159443,56177572.0,中波动,中流动性,微盘（<0.3B）,历史≥1年,中流动性－中波动
ZUMZ,Zumiez Inc. Common Stock,2514,2016-07-18,2026-07-17,54.63869284100939,3611736.5537643433,315341698.0,中波动,中流动性,小盘（0.3B–2B）,历史≥1年,中流动性－中波动
