strategy_version,active_condition_ids,signal_lo_pct,signal_hi_pct,entry_day,entry_trend_filter,entry_trend_fast_sma,entry_trend_slow_sma,entry_volume_fast_window,entry_volume_slow_window,baseline_filter,early_stop_days,stop_pct,sma_n,cost_bps,trades,win_rate_pct,mean_symbol_win_rate_pct,median_symbol_win_rate_pct,avg_return_pct,avg_win_pct,avg_loss_pct,payoff_ratio,mean_symbol_payoff_ratio,median_symbol_payoff_ratio,max_symbol_payoff_ratio,symbols_with_payoff_ratio,profit_factor,median_symbol_cumulative_return_pct,mean_symbol_cumulative_return_pct,profitable_symbols,avg_days_held,median_individual_max_drawdown_pct,q25_individual_max_drawdown_pct,passes_15pct_drawdown_proxy
v2_core_breakout_only,"T0-01, EN-01, EX-01, EX-02, EX-03",3.0,4.5,t1,tN-1/tN 任一天收盘>SMA5>SMA10且5日均量>20日均量,5,10,5,20,t0-15~t0；涨幅≤20%；RSI14≤90,"t2,t3",5.0,10,0.0,16232,23.74322326269098,23.604845679012342,23.53,0.021920096106456403,13.115193565127145,-4.05478663758281,3.2344965931291365,3.316918495297806,2.974,15.453,319,1.0070887404153315,-10.0883,1.0981021604938255,142,4.970798422868408,-52.33,-80.35499999999999,False
v2_core_breakout_only,"T0-01, EN-01, EX-01, EX-02, EX-03",3.0,4.5,t1,tN-1/tN 任一天收盘>SMA5>SMA10且5日均量>20日均量,5,10,5,20,t0-15~t0；涨幅≤20%；RSI14≤90,"t2,t3",5.0,8,0.0,16420,25.45066991473812,25.209969135802467,25.0,0.020205359317904997,12.004768365637707,-4.071248672494078,2.9486698876301984,3.0572225705329155,2.794,16.133,319,1.0066569622958557,-7.806049999999998,1.0239429012345678,136,4.561997563946407,-50.605,-80.4675,False
v2_core_breakout_only,"T0-01, EN-01, EX-01, EX-02, EX-03",3.0,4.0,t1,tN-1/tN 任一天收盘>SMA5>SMA10且5日均量>20日均量,5,10,5,20,t0-15~t0；涨幅≤20%；RSI14≤90,"t2,t3",5.0,10,0.0,12519,23.53223100886652,23.258703703703702,22.81,-0.012237958303378867,13.028049898167005,-4.025262926982136,3.236571159324128,3.300716981132075,2.8555,21.377,318,0.996023965714631,-10.513049999999996,-0.472876234567901,135,4.961658279415289,-47.275,-69.01249999999999,False
v2_core_breakout_only,"T0-01, EN-01, EX-01, EX-02, EX-03",4.0,5.0,t2,tN-1/tN 任一天收盘>SMA5>SMA10且5日均量>20日均量,5,10,5,20,t0-15~t0；涨幅≤20%；RSI14≤90,"t3,t4",5.0,3,0.0,8878,33.71254787114215,33.52481481481482,33.33,-0.018333408425320993,8.437306715669894,-4.3187124893797835,1.953662517803214,2.114590625,1.7915,16.213,320,0.9935964816010945,-5.810500000000001,-0.5023126543209882,140,3.1307726965532776,-28.365000000000002,-47.7725,False
v2_core_breakout_only,"T0-01, EN-01, EX-01, EX-02, EX-03",3.0,4.0,t1,tN-1/tN 任一天收盘>SMA5>SMA10且5日均量>20日均量,5,10,5,20,t0-15~t0；涨幅≤20%；RSI14≤90,"t2,t3",5.0,8,0.0,12625,25.275247524752476,24.86962962962963,25.0,-0.020607366336633653,11.862572547790663,-4.040029361882552,2.93625899348984,3.0332201257861637,2.7350000000000003,17.288,318,0.9931737104173659,-9.470699999999997,-0.8030083333333329,136,4.559445544554455,-43.805,-65.00750000000001,False
v2_core_breakout_only,"T0-01, EN-01, EX-01, EX-02, EX-03",4.0,5.0,t2,tN-1/tN 任一天收盘>SMA5>SMA10且5日均量>20日均量,5,10,5,20,t0-15~t0；涨幅≤20%；RSI14≤90,"t3,t4",5.0,8,0.0,8706,25.281415116011946,25.1804012345679,25.0,-0.03671824029405005,12.245695138573373,-4.192535588009223,2.9208327231846107,3.137438485804416,2.481,39.854,317,0.9882794837642794,-11.065699999999994,-0.9865645061728389,124,4.44486560992419,-35.959999999999994,-56.245000000000005,False
v2_core_breakout_only,"T0-01, EN-01, EX-01, EX-02, EX-03",3.0,4.0,t1,tN-1/tN 任一天收盘>SMA5>SMA10且5日均量>20日均量,5,10,5,20,t0-15~t0；涨幅≤20%；RSI14≤90,"t2,t3",4.0,10,0.0,12631,21.653075765972606,21.336574074074072,21.15,-0.03797688227377087,13.050012797074947,-3.6551607720291015,3.570297891392189,3.674823899371069,3.1185,23.419,318,0.986738752432076,-15.03705,-1.4804901234567898,124,4.5462750376058905,-43.754999999999995,-65.845,False
v2_core_breakout_only,"T0-01, EN-01, EX-01, EX-02, EX-03",3.0,4.5,t1,tN-1/tN 任一天收盘>SMA5>SMA10且5日均量>20日均量,5,10,5,20,t0-15~t0；涨幅≤20%；RSI14≤90,"t2,t3",5.0,3,0.0,17062,33.829562771070215,33.37055555555556,33.525,-0.0370397960379791,8.120326403326406,-4.2074842338352525,1.9299719148143963,2.0120532915360503,1.84,6.427,319,0.9866951596412898,-10.57785,-1.950658641975308,145,3.192826163404056,-44.85,-67.045,False
v2_core_breakout_only,"T0-01, EN-01, EX-01, EX-02, EX-03",3.0,4.5,t1,tN-1/tN 任一天收盘>SMA5>SMA10且5日均量>20日均量,5,10,5,20,t0-15~t0；涨幅≤20%；RSI14≤90,"t2,t3",5.0,5,0.0,16778,29.926093694123256,29.62888888888889,30.0,-0.03886929312194539,9.54018562039434,-4.1297457684783545,2.3101145095208886,2.4030313479623824,2.186,11.473,319,0.9865679700737792,-8.482400000000002,-2.0128740740740745,141,3.7765526284420075,-47.655,-73.075,False
v2_core_breakout_only,"T0-01, EN-01, EX-01, EX-02, EX-03",3.0,4.5,t1,tN-1/tN 任一天收盘>SMA5>SMA10且5日均量>20日均量,5,10,5,20,t0-15~t0；涨幅≤20%；RSI14≤90,"t2,t3",4.0,10,0.0,16429,21.69943392781058,21.49361111111111,21.54,-0.04002939923306358,13.083568863955119,-3.676971859452736,3.558245579258368,3.6736081504702196,3.234,18.584,319,0.9860964726342138,-15.498600000000007,-2.029767901234568,135,4.5299774788483775,-51.86,-78.095,False
v2_core_breakout_only,"T0-01, EN-01, EX-01, EX-02, EX-03",3.0,4.0,t1,tN-1/tN 任一天收盘>SMA5>SMA10且5日均量>20日均量,5,10,5,20,t0-15~t0；涨幅≤20%；RSI14≤90,"t2,t3",5.0,5,0.0,12829,29.6827500194871,29.17907407407407,29.63,-0.05251329020188633,9.507401785714292,-4.088003436426114,2.325683413325606,2.432062893081761,2.0735,16.381,318,0.9817319486510494,-10.046450000000007,-2.079280864197531,137,3.794995712838101,-40.975,-58.567499999999995,False
v2_core_breakout_only,"T0-01, EN-01, EX-01, EX-02, EX-03",3.0,4.0,t1,tN-1/tN 任一天收盘>SMA5>SMA10且5日均量>20日均量,5,10,5,20,t0-15~t0；涨幅≤20%；RSI14≤90,"t2,t3",5.0,3,0.0,12995,33.659099653712964,32.92981481481482,33.33,-0.050701577529819235,8.071976223136714,-4.171869968681128,1.9348580573542045,2.043638364779874,1.737,16.293,318,0.9816803543716786,-8.498299999999997,-2.0335765432098762,136,3.203001154290112,-38.260000000000005,-56.58,False
v2_core_breakout_only,"T0-01, EN-01, EX-01, EX-02, EX-03",3.0,4.0,t1,tN-1/tN 任一天收盘>SMA5>SMA10且5日均量>20日均量,5,10,5,20,t0-15~t0；涨幅≤20%；RSI14≤90,"t2,t3",4.0,8,0.0,12732,23.25636192271442,22.844104938271606,22.58,-0.05189962299717248,11.853165484633564,-3.6596058745266613,3.238918586053114,3.355094339622642,2.9255,19.034,318,0.9815209209857476,-11.242250000000002,-2.039428703703704,123,4.1753848570530945,-42.235,-63.165,False
v2_core_breakout_only,"T0-01, EN-01, EX-01, EX-02, EX-03",3.0,4.5,t1,tN-1/tN 任一天收盘>SMA5>SMA10且5日均量>20日均量,5,10,5,20,t0-15~t0；涨幅≤20%；RSI14≤90,"t2,t3",4.0,8,0.0,16605,23.25805480277025,22.98462962962963,22.875,-0.05391833785004516,11.923069135163129,-3.6837641842580227,3.236653742960654,3.3730940438871473,2.993,18.384,319,0.9809276239848106,-14.730849999999995,-2.7632697530864205,129,4.156218006624511,-49.455,-76.60749999999999,False
v2_core_breakout_only,"T0-01, EN-01, EX-01, EX-02, EX-03",4.0,5.0,t2,tN-1/tN 任一天收盘>SMA5>SMA10且5日均量>20日均量,5,10,5,20,t0-15~t0；涨幅≤20%；RSI14≤90,"t3,t4",5.0,10,0.0,8644,23.415085608514577,23.365061728395062,23.08,-0.06626723739009717,13.327497035573128,-4.161279154078552,3.2027404416044964,3.3438031746031744,2.736,17.939,315,0.9792074839684516,-13.037300000000007,-1.7678549382716051,122,4.883965756594169,-36.84,-56.81,False
v2_core_breakout_only,"T0-01, EN-01, EX-01, EX-02, EX-03",4.0,5.0,t2,tN-1/tN 任一天收盘>SMA5>SMA10且5日均量>20日均量,5,10,5,20,t0-15~t0；涨幅≤20%；RSI14≤90,"t3,t4",5.0,5,0.0,8811,30.48462149585745,30.494197530864195,30.3,-0.06744535240040855,9.469371928518246,-4.2496316734693895,2.228280626680164,2.34417868338558,2.017,18.716,319,0.977169001593119,-7.021449999999995,-1.834158641975309,133,3.6573601180342754,-31.925,-51.1825,False
v2_core_breakout_only,"T0-01, EN-01, EX-01, EX-02, EX-03",4.0,5.0,t2,tN-1/tN 任一天收盘>SMA5>SMA10且5日均量>20日均量,5,10,5,20,t0-15~t0；涨幅≤20%；RSI14≤90,"t3,t4",4.0,3,0.0,8924,30.580457194083372,30.4333024691358,29.68,-0.08397770058269825,8.420521069989002,-3.8303501210653743,2.198368505186914,2.398703125,1.9425,17.96,320,0.9684186987718891,-6.793450000000007,-2.312940432098766,134,2.839309726580009,-28.29,-45.895,False
v2_core_breakout_only,"T0-01, EN-01, EX-01, EX-02, EX-03",3.0,4.0,t1,tN-1/tN 任一天收盘>SMA5>SMA10且5日均量>20日均量,5,10,5,20,t0-15~t0；涨幅≤20%；RSI14≤90,"t2,t3",3.0,8,0.0,12881,20.448722925238723,20.052746913580247,20.0,-0.08099239189503919,11.659530372057704,-3.098903679125597,3.7624694341411793,4.008352201257861,3.379,27.808,318,0.9671457168174254,-12.199049999999994,-3.2199694444444438,124,3.6653986491732007,-42.55,-59.73,False
v2_core_breakout_only,"T0-01, EN-01, EX-01, EX-02, EX-03",3.0,4.0,t1,tN-1/tN 任一天收盘>SMA5>SMA10且5日均量>20日均量,5,10,5,20,t0-15~t0；涨幅≤20%；RSI14≤90,"t2,t3",3.0,10,0.0,12793,19.010396310482296,18.696203703703702,18.18,-0.08431360900492453,12.798478618421058,-3.1082447640189175,4.117590341203632,4.367201257861635,3.59,37.729,318,0.9665069815871424,-12.189350000000005,-3.329095679012346,122,3.992730399437192,-41.815,-61.1025,False
v2_core_breakout_only,"T0-01, EN-01, EX-01, EX-02, EX-03",4.0,5.0,t2,tN-1/tN 任一天收盘>SMA5>SMA10且5日均量>20日均量,5,10,5,20,t0-15~t0；涨幅≤20%；RSI14≤90,"t3,t4",4.0,8,0.0,8772,22.902416780665753,22.937283950617285,22.335,-0.1025841313269494,12.228998506719758,-3.7657734733106625,3.24740683245843,3.502577287066246,2.754,43.594,317,0.9646675829859243,-11.143000000000002,-2.7772922839506164,120,4.0319197446420425,-33.655,-54.442499999999995,False
v2_core_breakout_only,"T0-01, EN-01, EX-01, EX-02, EX-03",3.0,4.5,t1,tN-1/tN 任一天收盘>SMA5>SMA10且5日均量>20日均量,5,10,5,20,t0-15~t0；涨幅≤20%；RSI14≤90,"t2,t3",3.0,8,0.0,16864,20.29767552182163,20.087962962962962,20.0,-0.08933117884250474,11.81558545135845,-3.1211390521538562,3.7856645455141362,4.047833855799373,3.496,22.588,319,0.96408985309086,-12.201600000000001,-4.649613580246913,126,3.6384013282732446,-46.69,-73.5925,False
v2_core_breakout_only,"T0-01, EN-01, EX-01, EX-02, EX-03",3.0,4.5,t1,tN-1/tN 任一天收盘>SMA5>SMA10且5日均量>20日均量,5,10,5,20,t0-15~t0；涨幅≤20%；RSI14≤90,"t2,t3",3.0,10,0.0,16708,18.91908067991381,18.779938271604937,18.695,-0.0922435958822121,12.911827269851317,-3.126558795305234,4.129724759770841,4.38571473354232,3.774,21.636,319,0.963612636205471,-13.438600000000001,-4.7568058641975295,127,3.96468757481446,-49.65,-73.865,False
v2_core_breakout_only,"T0-01, EN-01, EX-01, EX-02, EX-03",3.0,4.0,t1,tN-1/tN 任一天收盘>SMA5>SMA10且5日均量>20日均量,5,10,5,20,t0-15~t0；涨幅≤20%；RSI14≤90,"t2,t3",4.0,5,0.0,12921,27.30438820524727,26.798209876543208,27.345,-0.10087826019657917,9.454382086167808,-3.689823059725326,2.5622860319138447,2.692606918238994,2.2990000000000004,19.208,318,0.9623919070532573,-12.380049999999992,-4.022963888888889,125,3.468694373500503,-40.115,-56.815000000000005,False
v2_core_breakout_only,"T0-01, EN-01, EX-01, EX-02, EX-03",3.0,4.5,t1,tN-1/tN 任一天收盘>SMA5>SMA10且5日均量>20日均量,5,10,5,20,t0-15~t0；涨幅≤20%；RSI14≤90,"t2,t3",4.0,3,0.0,17200,30.83720930232558,30.33212962962963,30.46,-0.1055320348837209,8.099283936651586,-3.7637653833221285,2.1519098859192614,2.2673793103448276,2.022,8.848,319,0.9594588103401216,-12.680049999999998,-5.602412037037038,128,2.9062790697674417,-45.115,-64.7125,False
v2_core_breakout_only,"T0-01, EN-01, EX-01, EX-02, EX-03",4.0,5.0,t2,tN-1/tN 任一天收盘>SMA5>SMA10且5日均量>20日均量,5,10,5,20,t0-15~t0；涨幅≤20%；RSI14≤90,"t3,t4",4.0,10,0.0,8713,21.20968667508321,21.28632716049383,20.759999999999998,-0.12258074142086535,13.336767857142862,-3.745723670793881,3.5605316967538676,3.7396857142857143,2.937,19.622,315,0.9584663169919548,-14.036900000000003,-3.2963354938271605,122,4.436359462871571,-35.03,-55.7225,False
v2_core_breakout_only,"T0-01, EN-01, EX-01, EX-02, EX-03",4.0,5.0,t2,tN-1/tN 任一天收盘>SMA5>SMA10且5日均量>20日均量,5,10,5,20,t0-15~t0；涨幅≤20%；RSI14≤90,"t3,t4",3.0,3,0.0,8981,26.31110121367331,26.176327160493823,25.0,-0.09783765727647249,8.440100296233602,-3.146364007252947,2.6824932769309657,3.0053522012578617,2.3825000000000003,34.851,318,0.9578020432323701,-7.264450000000005,-2.7119512345679007,127,2.4776750918605948,-27.8,-42.760000000000005,False
v2_core_breakout_only,"T0-01, EN-01, EX-01, EX-02, EX-03",3.0,4.0,t1,tN-1/tN 任一天收盘>SMA5>SMA10且5日均量>20日均量,5,10,5,20,t0-15~t0；涨幅≤20%；RSI14≤90,"t2,t3",4.0,3,0.0,13074,30.878078629340678,30.136759259259257,30.259999999999998,-0.10987501912192132,8.023846172900669,-3.743363173619564,2.143485897774162,2.272911949685535,1.8995,19.208,318,0.9575354861254705,-10.051899999999996,-4.433711728395061,133,2.924353679057672,-36.43,-53.6025,False
v2_core_breakout_only,"T0-01, EN-01, EX-01, EX-02, EX-03",3.0,4.5,t1,tN-1/tN 任一天收盘>SMA5>SMA10且5日均量>20日均量,5,10,5,20,t0-15~t0；涨幅≤20%；RSI14≤90,"t2,t3",4.0,5,0.0,16935,27.369353410097432,27.067037037037036,27.5,-0.11974260407440217,9.430114994606255,-3.7184084552845547,2.536062164231661,2.6506489028213167,2.393,12.175,319,0.9556623415334167,-11.844849999999996,-6.258783950617284,126,3.4386182462356065,-48.16,-68.0075,False
v2_core_breakout_only,"T0-01, EN-01, EX-01, EX-02, EX-03",4.0,5.0,t2,tN-1/tN 任一天收盘>SMA5>SMA10且5日均量>20日均量,5,10,5,20,t0-15~t0；涨幅≤20%；RSI14≤90,"t3,t4",4.0,5,0.0,8865,27.70445572476029,27.779351851851853,27.27,-0.136892160180485,9.393269543973943,-3.7889559993758755,2.4791181384849077,2.6346614420062693,2.189,20.525,319,0.9500256430360892,-9.140600000000003,-3.745515740740741,126,3.3142695995487874,-31.305,-49.47,False
v2_core_breakout_only,"T0-01, EN-01, EX-01, EX-02, EX-03",4.0,5.0,t2,tN-1/tN 任一天收盘>SMA5>SMA10且5日均量>20日均量,5,10,5,20,t0-15~t0；涨幅≤20%；RSI14≤90,"t3,t4",3.0,8,0.0,8852,19.690465431540893,19.691697530864197,18.675,-0.1487618617261637,12.10315375788869,-3.1527130398086967,3.838964601301962,4.222394904458598,3.267,48.792,314,0.941246436159628,-13.1617,-4.064263271604938,122,3.4983054676909173,-32.75,-50.3375,False
v2_core_breakout_only,"T0-01, EN-01, EX-01, EX-02, EX-03",3.0,4.0,t1,tN-1/tN 任一天收盘>SMA5>SMA10且5日均量>20日均量,5,10,5,20,t0-15~t0；涨幅≤20%；RSI14≤90,"t2,t3",3.0,5,0.0,13057,24.04074442827602,23.59030864197531,23.905,-0.14076127747568357,9.22207996177127,-3.104056160516235,2.9709771617783964,3.2296698113207545,2.729,24.935,318,0.940300546330938,-11.705150000000003,-5.672558950617283,127,3.0376809374281994,-37.385000000000005,-54.5725,False
v2_core_breakout_only,"T0-01, EN-01, EX-01, EX-02, EX-03",3.0,4.0,t1,tN-1/tN 任一天收盘>SMA5>SMA10且5日均量>20日均量,5,10,5,20,t0-15~t0；涨幅≤20%；RSI14≤90,"t2,t3",3.0,3,0.0,13184,27.02518203883495,26.344506172839502,26.14,-0.13733662014563103,7.9415183833847856,-3.1292252364619073,2.5378545113498925,2.7389591194968554,2.3225,24.935,318,0.9398575358548313,-11.059050000000003,-5.588475617283951,128,2.566823422330097,-35.260000000000005,-50.485,False
v2_core_breakout_only,"T0-01, EN-01, EX-01, EX-02, EX-03",3.0,4.5,t1,tN-1/tN 任一天收盘>SMA5>SMA10且5日均量>20日均量,5,10,5,20,t0-15~t0；涨幅≤20%；RSI14≤90,"t2,t3",3.0,3,0.0,17396,26.810761094504482,26.430246913580245,26.19,-0.14344659691883194,8.060748927958834,-3.148816368206095,2.5599298229483938,2.7443260188087777,2.388,12.416,319,0.9377555747975191,-15.177700000000005,-7.701928086419755,120,2.544895378247873,-42.900000000000006,-61.459999999999994,False
v2_core_breakout_only,"T0-01, EN-01, EX-01, EX-02, EX-03",4.0,5.0,t2,tN-1/tN 任一天收盘>SMA5>SMA10且5日均量>20日均量,5,10,5,20,t0-15~t0；涨幅≤20%；RSI14≤90,"t3,t4",3.0,5,0.0,8927,23.87140136664053,23.926913580246914,23.145,-0.15931007057242086,9.342460816518061,-3.138749999999998,2.9764909013199734,3.2469335443037974,2.5700000000000003,31.391,316,0.9333283943388928,-9.430349999999999,-4.389404938271604,125,2.88383555505769,-28.835,-46.39,False
v2_core_breakout_only,"T0-01, EN-01, EX-01, EX-02, EX-03",4.0,5.0,t2,tN-1/tN 任一天收盘>SMA5>SMA10且5日均量>20日均量,5,10,5,20,t0-15~t0；涨幅≤20%；RSI14≤90,"t3,t4",3.0,10,0.0,8800,18.125,18.193703703703704,17.189999999999998,-0.17690772727272738,13.251166144200644,-3.149534767522557,4.207340805011684,4.487060897435898,3.5855,23.884,312,0.9313970964731814,-15.9513,-4.804825,122,3.846590909090909,-33.875,-52.2325,False
v2_core_breakout_only,"T0-01, EN-01, EX-01, EX-02, EX-03",3.0,4.5,t1,tN-1/tN 任一天收盘>SMA5>SMA10且5日均量>20日均量,5,10,5,20,t0-15~t0；涨幅≤20%；RSI14≤90,"t2,t3",3.0,5,0.0,17171,23.906586686855746,23.69799382716049,23.66,-0.1643402247976238,9.258070645554207,-3.1246185519669383,2.962944273542215,3.1721473354231975,2.796,15.936,319,0.9308807531167735,-15.221550000000006,-8.709508024691358,124,3.00209655815037,-45.510000000000005,-65.0625,False
